N,offset_percent_from_N500_Acrit,amplitude,search_selected_amplitude,radius_method,cutoff_phi_center,cutoff_crossing_time,tc_method,tc,tc_se,tau_min,tau_max,alpha,alpha_se,beta,beta_se,alpha_plus_beta,alpha_plus_beta_se,alpha_r2,beta_r2,fit_points
1000,0.01,1.2027299618659357,0,half-radius,20,15.215029981311037,threshold_joint_tail,15.267336444741634,0.0009883690763887083,0.05,0.1,0.7181673421946119,0.004003523231923547,0.3569879743226452,0.002770813276306954,1.075155316517257,0.006651898448113788,0.9998757090777048,0.9997590856342919,6
1000,0.01,1.2027299618659357,0,Gaussian-radius,20,15.215029981311037,threshold_joint_tail,15.267336444741634,0.0009883690763887083,0.05,0.1,0.7181673421946119,0.004003523231923547,0.35042932253663134,0.003088941422161834,1.0685966647312433,0.00704055982823556,0.9998757090777048,0.9996892983916942,6
1000,0.01,1.2027299618659357,0,half-radius,20,15.215029981311037,threshold_joint_tail,15.267336444741634,0.0009883690763887083,0.1,0.2,0.7678056226011583,0.000527154442819071,0.3947235560041242,0.0011192389030699648,1.1625291786052825,0.0015930273171337118,0.9999962289567341,0.9999356836249764,10
1000,0.01,1.2027299618659357,0,Gaussian-radius,20,15.215029981311037,threshold_joint_tail,15.267336444741634,0.0009883690763887083,0.1,0.2,0.7678056226011583,0.000527154442819071,0.3880440396931512,0.001242733125991339,1.1558496622943095,0.001615316172340341,0.9999962289567341,0.9999179557650163,10
1000,0.01,1.2027299618659357,0,half-radius,20,15.215029981311037,threshold_joint_tail,15.267336444741634,0.0009883690763887083,0.1,0.3,0.7630775032233551,0.0009823092962481788,0.4020210106744644,0.0010670947729341776,1.1650985138978194,0.0006365455489294851,0.9999701723691865,0.9998731980549828,20
1000,0.01,1.2027299618659357,0,Gaussian-radius,20,15.215029981311037,threshold_joint_tail,15.267336444741634,0.0009883690763887083,0.1,0.3,0.7630775032233551,0.0009823092962481788,0.39588546668418967,0.0012102605532563024,1.1589629699075448,0.000724748881991824,0.9999701723691865,0.9998318030597189,20
1000,0.01,1.2027299618659357,0,half-radius,20,15.215029981311037,threshold_joint_tail,15.267336444741634,0.0009883690763887083,0.2,0.4,0.7344529627309484,0.002282986736402363,0.4170703091901612,0.000768890550844973,1.1515232719211097,0.0015143872917064108,0.9998261095299639,0.9999388274707957,20
1000,0.01,1.2027299618659357,0,Gaussian-radius,20,15.215029981311037,threshold_joint_tail,15.267336444741634,0.0009883690763887083,0.2,0.4,0.7344529627309484,0.002282986736402363,0.4137385390070784,0.0010889980554284226,1.1481915017380269,0.0014594153491933907,0.9998261095299639,0.9998753131634952,20
1000,0.01,1.2027299618659357,0,half-radius,24,15.227998706365785,threshold_joint_tail,15.271260523553934,0.0009188771954135793,0.05,0.1,0.7426606894538431,0.005883801435168054,0.37029860229170153,0.0031872618244563103,1.1129592917455446,0.009070820305840445,0.9998117328161005,0.9997777938485911,5
1000,0.01,1.2027299618659357,0,Gaussian-radius,24,15.227998706365785,threshold_joint_tail,15.271260523553934,0.0009188771954135793,0.05,0.1,0.7426606894538431,0.005883801435168054,0.3641230036558736,0.0027978751808101243,1.1067836931097168,0.00851577198135791,0.9998117328161005,0.9998229056216643,5
1000,0.01,1.2027299618659357,0,half-radius,24,15.227998706365785,threshold_joint_tail,15.271260523553934,0.0009188771954135793,0.1,0.2,0.7883983915050026,0.0003650710921322341,0.40329217453179855,0.0009585868058937314,1.1916905660368011,0.0012086434714381152,0.9999982846502917,0.9999548046595329,10
1000,0.01,1.2027299618659357,0,Gaussian-radius,24,15.227998706365785,threshold_joint_tail,15.271260523553934,0.0009188771954135793,0.1,0.2,0.7883983915050026,0.0003650710921322341,0.3957497225706403,0.0011887871099550739,1.184148114075643,0.0014177543500847828,0.9999982846502917,0.9999278185545856,10
1000,0.01,1.2027299618659357,0,half-radius,24,15.227998706365785,threshold_joint_tail,15.271260523553934,0.0009188771954135793,0.1,0.3,0.7817327206070631,0.0012410400949836341,0.4092620713601493,0.000880679130431395,1.1909947919672124,0.0006482419714023648,0.9999546363649234,0.9999166570781151,20
1000,0.01,1.2027299618659357,0,Gaussian-radius,24,15.227998706365785,threshold_joint_tail,15.271260523553934,0.0009188771954135793,0.1,0.3,0.7817327206070631,0.0012410400949836341,0.40262701095349923,0.0010563941281987413,1.1843597315605623,0.0007103283892546172,0.9999546363649234,0.9998761018457084,20
1000,0.01,1.2027299618659357,0,half-radius,24,15.227998706365785,threshold_joint_tail,15.271260523553934,0.0009188771954135793,0.2,0.4,0.7486959422889841,0.0024882542807639707,0.4216660098042799,0.0006487460040234921,1.170361952093264,0.0018396344053947132,0.9998012236415807,0.9999573944472118,20
1000,0.01,1.2027299618659357,0,Gaussian-radius,24,15.227998706365785,threshold_joint_tail,15.271260523553934,0.0009188771954135793,0.2,0.4,0.7486959422889841,0.0024882542807639707,0.4178966085820262,0.0010546207973345916,1.1665925508710102,0.0016889093843054017,0.9998012236415807,0.9998853754375121,20
1000,0.01,1.2027299618659357,0,half-radius,40,15.252712639583008,threshold_joint_tail,15.278998508669682,0.0006023794093773718,0.05,0.1,0.8276106906845854,0.0023923198451426546,0.41265986210451416,0.0014742400154088549,1.2402705527890996,0.0038656913911372178,0.9999749333284769,0.9999617125397299,5
1000,0.01,1.2027299618659357,0,Gaussian-radius,40,15.252712639583008,threshold_joint_tail,15.278998508669682,0.0006023794093773718,0.05,0.1,0.8276106906845854,0.0023923198451426546,0.40576842842457816,0.001468823826913096,1.2333791191091636,0.0033948878012960222,0.9999749333284769,0.9999606914435801,5
1000,0.01,1.2027299618659357,0,half-radius,40,15.252712639583008,threshold_joint_tail,15.278998508669682,0.0006023794093773718,0.1,0.2,0.8324454451247271,0.0012223051374887822,0.4258358286826976,0.0002952160493736907,1.2582812738074247,0.0009448446293017033,0.9999827523389836,0.9999961551106372,10
1000,0.01,1.2027299618659357,0,Gaussian-radius,40,15.252712639583008,threshold_joint_tail,15.278998508669682,0.0006023794093773718,0.1,0.2,0.8324454451247271,0.0012223051374887822,0.41787284716959366,0.0007479963181774412,1.2503182922943208,0.0011052424634203307,0.9999827523389836,0.9999743675882498,10
1000,0.01,1.2027299618659357,0,half-radius,40,15.252712639583008,threshold_joint_tail,15.278998508669682,0.0006023794093773718,0.1,0.3,0.816966413682427,0.002413787628592414,0.42774802097467307,0.0002875893711469092,1.2447144346571,0.002132616194924342,0.999842893563442,0.999991863481505,20
1000,0.01,1.2027299618659357,0,Gaussian-radius,40,15.252712639583008,threshold_joint_tail,15.278998508669682,0.0006023794093773718,0.1,0.3,0.816966413682427,0.002413787628592414,0.4208171654353614,0.000544566673410582,1.2377835791177882,0.0020288863790310623,0.999842893563442,0.9999698578212932,20
1000,0.01,1.2027299618659357,0,half-radius,40,15.252712639583008,threshold_joint_tail,15.278998508669682,0.0006023794093773718,0.2,0.4,0.7693313195517172,0.002994602122594439,0.43330940350620284,0.0004222096794601152,1.20264072305792,0.0025754858898383143,0.9997273499957503,0.9999829106625165,20
1000,0.01,1.2027299618659357,0,Gaussian-radius,40,15.252712639583008,threshold_joint_tail,15.278998508669682,0.0006023794093773718,0.2,0.4,0.7693313195517172,0.002994602122594439,0.4294383646040993,0.0008923683736629047,1.1987696841558164,0.0023963373072829817,0.9997273499957503,0.9999222813209176,20
1000,0.01,1.2027299618659357,0,half-radius,60,15.264536365701536,threshold_joint_tail,15.281769785768853,0.00043586606378434535,0.05,0.1,0.8526396753568807,0.002151539668377193,0.42437468437986103,0.0012936455398452036,1.2770143597367416,0.0034441448440931033,0.9999808979226653,0.9999721233359277,5
1000,0.01,1.2027299618659357,0,Gaussian-radius,60,15.264536365701536,threshold_joint_tail,15.281769785768853,0.00043586606378434535,0.05,0.1,0.8526396753568807,0.002151539668377193,0.41823199746694667,0.0008946050499893642,1.2708716728238274,0.002518696098078147,0.9999808979226653,0.9999862740165102,5
1000,0.01,1.2027299618659357,0,half-radius,60,15.264536365701536,threshold_joint_tail,15.281769785768853,0.00043586606378434535,0.1,0.2,0.8517574447983286,0.0015214513215211604,0.433685779411244,9.865656535416848e-05,1.2854432242095726,0.0014336104281489378,0.9999744751529343,0.9999995860084974,10
1000,0.01,1.2027299618659357,0,Gaussian-radius,60,15.264536365701536,threshold_joint_tail,15.281769785768853,0.00043586606378434535,0.1,0.2,0.8517574447983286,0.0015214513215211604,0.4252934543364411,0.0006499587726587905,1.2770508991347698,0.0014905418879464349,0.9999744751529343,0.9999813157316938,10
1000,0.01,1.2027299618659357,0,half-radius,60,15.264536365701536,threshold_joint_tail,15.281769785768853,0.00043586606378434535,0.1,0.3,0.8342429376787964,0.0027273031324067383,0.43415985573508203,8.073519735716222e-05,1.2684027934138784,0.0026494210062048404,0.9998076595137548,0.9999993775582304,20
1000,0.01,1.2027299618659357,0,Gaussian-radius,60,15.264536365701536,threshold_joint_tail,15.281769785768853,0.00043586606378434535,0.1,0.3,0.8342429376787964,0.0027273031324067383,0.426916207972894,0.00040967952987247465,1.2611591456516904,0.0024944754727561315,0.9998076595137548,0.9999834244270605,20
1000,0.01,1.2027299618659357,0,half-radius,60,15.264536365701536,threshold_joint_tail,15.281769785768853,0.00043586606378434535,0.2,0.4,0.7821028268561885,0.0031837749950249733,0.43694649547069464,0.0003085723477705433,1.219049322326883,0.002881190352558989,0.9997018052415941,0.9999910231060358,20
1000,0.01,1.2027299618659357,0,Gaussian-radius,60,15.264536365701536,threshold_joint_tail,15.281769785768853,0.00043586606378434535,0.2,0.4,0.7821028268561885,0.0031837749950249733,0.43273906759461095,0.0008134160451083952,1.2148418944507995,0.0026771330914411523,0.9997018052415941,0.9999364057067285,20
1000,0.01,1.2027299618659357,0,half-radius,80,15.27161107228459,threshold_joint_tail,15.284881288350086,0.00038425525027218304,0.05,0.1,0.891588619147495,0.00039742801913461736,0.44376180924275743,0.00041093973685377795,1.3353504283902524,0.0007923717959440966,0.9999994039139921,0.9999974273745159,5
1000,0.01,1.2027299618659357,0,Gaussian-radius,80,15.27161107228459,threshold_joint_tail,15.284881288350086,0.00038425525027218304,0.05,0.1,0.891588619147495,0.00039742801913461736,0.4373310077091524,0.0012025953351424824,1.3289196268566474,0.0011675154798543776,0.9999994039139921,0.9999773154644971,5
1000,0.01,1.2027299618659357,0,half-radius,80,15.27161107228459,threshold_joint_tail,15.284881288350086,0.00038425525027218304,0.1,0.2,0.8708280712160954,0.002150356170693712,0.44340073398305574,0.00021156893238206352,1.314228805199151,0.002361693417798976,0.999951221913306,0.9999981786216514,10
1000,0.01,1.2027299618659357,0,Gaussian-radius,80,15.27161107228459,threshold_joint_tail,15.284881288350086,0.00038425525027218304,0.1,0.2,0.8708280712160954,0.002150356170693712,0.4348209901550668,0.0006419744220051462,1.3056490613711622,0.002353494392049672,0.999951221913306,0.9999825619924133,10
1000,0.01,1.2027299618659357,0,half-radius,80,15.27161107228459,threshold_joint_tail,15.284881288350086,0.00038425525027218304,0.1,0.3,0.8493266779482342,0.0032800195906611427,0.44202599685683647,0.0001911546290167817,1.2913526748050708,0.0034638044453936443,0.9997316143602457,0.9999966337601458,20
1000,0.01,1.2027299618659357,0,Gaussian-radius,80,15.27161107228459,threshold_joint_tail,15.284881288350086,0.00038425525027218304,0.1,0.3,0.8493266779482342,0.0032800195906611427,0.4346530781125321,0.00032807518518250653,1.2839797560607664,0.003295803058762221,0.9997316143602457,0.9999897451503443,20
1000,0.01,1.2027299618659357,0,half-radius,80,15.27161107228459,threshold_joint_tail,15.284881288350086,0.00038425525027218304,0.2,0.4,0.7907561330960793,0.003402739677115089,0.44178970995995637,0.00021547595782475066,1.2325458430560357,0.0032000119979520183,0.9996668037629824,0.9999957180943565,20
1000,0.01,1.2027299618659357,0,Gaussian-radius,80,15.27161107228459,threshold_joint_tail,15.284881288350086,0.00038425525027218304,0.2,0.4,0.7907561330960793,0.003402739677115089,0.4375367079042336,0.0007581775655838665,1.2282928410003129,0.00298847226074511,0.9996668037629824,0.9999459542059191,20
1000,0.03125,1.202985516427376,1,half-radius,20,12.46708529614409,threshold_joint_tail,12.510082343121173,0.0013079953143093593,0.05,0.1,0.5765712629468925,0.007097157598929142,0.28995962095889,0.003968044357438585,0.8665308839057826,0.011064848217824039,0.9995456539018281,0.9994384928164375,5
1000,0.03125,1.202985516427376,1,Gaussian-radius,20,12.46708529614409,threshold_joint_tail,12.510082343121173,0.0013079953143093593,0.05,0.1,0.5765712629468925,0.007097157598929142,0.28377369269620367,0.004597321360005346,0.8603449556430962,0.011674287495553267,0.9995456539018281,0.9992132352480143,5
1000,0.03125,1.202985516427376,1,half-radius,20,12.46708529614409,threshold_joint_tail,12.510082343121173,0.0013079953143093593,0.1,0.2,0.6312640089009567,0.0004074006081462409,0.33118662170176444,0.001131798404202708,0.9624506306027212,0.001310542615516434,0.9999966679629043,0.9999065795408673,10
1000,0.03125,1.202985516427376,1,Gaussian-radius,20,12.46708529614409,threshold_joint_tail,12.510082343121173,0.0013079953143093593,0.1,0.2,0.6312640089009567,0.0004074006081462409,0.32235513024948786,0.001515309884024031,0.9536191391504445,0.0017245606415033912,0.9999966679629043,0.999823255071828,10
1000,0.03125,1.202985516427376,1,half-radius,20,12.46708529614409,threshold_joint_tail,12.510082343121173,0.0013079953143093593,0.1,0.3,0.6221262764485892,0.0016214684944488445,0.3377531976436444,0.0009703471274216648,0.9598794740922336,0.0008984913771659532,0.9998777414205633,0.999851453201041,20
1000,0.03125,1.202985516427376,1,Gaussian-radius,20,12.46708529614409,threshold_joint_tail,12.510082343121173,0.0013079953143093593,0.1,0.3,0.6221262764485892,0.0016214684944488445,0.32783441625401294,0.0009325691544414318,0.9499606927026021,0.0010506196969892333,0.9998777414205633,0.9998543661745144,20
1000,0.03125,1.202985516427376,1,half-radius,20,12.46708529614409,threshold_joint_tail,12.510082343121173,0.0013079953143093593,0.2,0.4,0.5836536297513094,0.002588417035486314,0.3515894652435758,0.0007959303832490311,0.9352430949948852,0.0017983123378695577,0.9996461029848172,0.9999077617819687,20
1000,0.03125,1.202985516427376,1,Gaussian-radius,20,12.46708529614409,threshold_joint_tail,12.510082343121173,0.0013079953143093593,0.2,0.4,0.5836536297513094,0.002588417035486314,0.3426315396999056,0.0011508314319357306,0.9262851694512151,0.0015881389692531938,0.9996461029848172,0.9997969733367479,20
1000,0.03125,1.202985516427376,1,half-radius,24,12.481126022588153,threshold_joint_tail,12.517530276697528,0.0011675539470399417,0.05,0.1,0.6412825258762964,0.004665508689001692,0.32250983546186746,0.002789577783095366,0.9637923613381638,0.007454405723968599,0.9998412361975167,0.9997756041536913,5
1000,0.03125,1.202985516427376,1,Gaussian-radius,24,12.481126022588153,threshold_joint_tail,12.517530276697528,0.0011675539470399417,0.05,0.1,0.6412825258762964,0.004665508689001692,0.3156409156328346,0.003540700289517429,0.956923441509131,0.00817563599905418,0.9998412361975167,0.9996226458896995,5
1000,0.03125,1.202985516427376,1,half-radius,24,12.481126022588153,threshold_joint_tail,12.517530276697528,0.0011675539470399417,0.1,0.2,0.6655187912897212,0.0010702178437974647,0.34917304902480195,0.0006167116567517868,1.0146918403145233,0.0005845772710310396,0.9999793126561579,0.9999750447437886,10
1000,0.03125,1.202985516427376,1,Gaussian-radius,24,12.481126022588153,threshold_joint_tail,12.517530276697528,0.0011675539470399417,0.1,0.2,0.6655187912897212,0.0010702178437974647,0.3398654004221172,0.001126305817300409,1.0053841917118385,0.0009798349334881233,0.9999793126561579,0.9999121482174016,10
1000,0.03125,1.202985516427376,1,half-radius,24,12.481126022588153,threshold_joint_tail,12.517530276697528,0.0011675539470399417,0.1,0.3,0.6493163729893205,0.0025597140106391717,0.35256224935488445,0.0005016797808814401,1.001878622344205,0.0020903085333277205,0.9997203458819712,0.9999635549746653,20
1000,0.03125,1.202985516427376,1,Gaussian-radius,24,12.481126022588153,threshold_joint_tail,12.517530276697528,0.0011675539470399417,0.1,0.3,0.6493163729893205,0.0025597140106391717,0.3422067058869907,0.0005376711197430062,0.9915230788763112,0.0022194201867087038,0.9997203458819712,0.9999555665949975,20
1000,0.03125,1.202985516427376,1,half-radius,24,12.481126022588153,threshold_joint_tail,12.517530276697528,0.0011675539470399417,0.2,0.4,0.5991998522735514,0.0029901447803266368,0.36097845430526176,0.0006208385085667825,0.9601783065788132,0.0023808270288414985,0.9995519578031288,0.9999467592561878,20
1000,0.03125,1.202985516427376,1,Gaussian-radius,24,12.481126022588153,threshold_joint_tail,12.517530276697528,0.0011675539470399417,0.2,0.4,0.5991998522735514,0.0029901447803266368,0.35178426464528045,0.0010062463131587875,0.9509841169188319,0.0021455745181847333,0.9995519578031288,0.9998527469379523,20
1000,0.03125,1.202985516427376,1,half-radius,40,12.507392490671412,threshold_joint_tail,12.52809560356846,0.000902573076824442,0.05,0.1,0.726609246284839,0.0024808130052169615,0.3640441188172734,0.0016674249674323788,1.0906533651021124,0.004146095079156682,0.999965030269364,0.9999370669928845,5
1000,0.03125,1.202985516427376,1,Gaussian-radius,40,12.507392490671412,threshold_joint_tail,12.52809560356846,0.000902573076824442,0.05,0.1,0.726609246284839,0.0024808130052169615,0.35429450906925375,0.002281651555963618,1.0809037553540928,0.004711415903857229,0.999965030269364,0.9998755952327715,5
1000,0.03125,1.202985516427376,1,half-radius,40,12.507392490671412,threshold_joint_tail,12.52809560356846,0.000902573076824442,0.1,0.2,0.7193945350001794,0.002346068843448739,0.3747257219133342,8.097302863936906e-05,1.0941202569135136,0.002405475216590212,0.9999149253299723,0.9999996264544372,10
1000,0.03125,1.202985516427376,1,Gaussian-radius,40,12.507392490671412,threshold_joint_tail,12.52809560356846,0.000902573076824442,0.1,0.2,0.7193945350001794,0.002346068843448739,0.363867521265427,0.0008663155388144286,1.0832620562656063,0.002060570084566315,0.9999149253299723,0.9999546543201882,10
1000,0.03125,1.202985516427376,1,half-radius,40,12.507392490671412,threshold_joint_tail,12.52809560356846,0.000902573076824442,0.1,0.3,0.6941812064396087,0.0038371286494912425,0.3736101980882752,0.0001594524417533314,1.0677914045278838,0.003993619875148428,0.9994503316405694,0.9999967213429993,20
1000,0.03125,1.202985516427376,1,Gaussian-radius,40,12.507392490671412,threshold_joint_tail,12.52809560356846,0.000902573076824442,0.1,0.3,0.6941812064396087,0.0038371286494912425,0.3624962708368706,0.0003998909521920405,1.0566774772764793,0.004017540671152366,0.9994503316405694,0.9999780952116308,20
1000,0.03125,1.202985516427376,1,half-radius,40,12.507392490671412,threshold_joint_tail,12.52809560356846,0.000902573076824442,0.2,0.4,0.6273557911370559,0.0036559858783809162,0.37374786882120725,0.0003146106192080188,1.0011036599582632,0.003371077483969147,0.9993890744353793,0.9999872457104817,20
1000,0.03125,1.202985516427376,1,Gaussian-radius,40,12.507392490671412,threshold_joint_tail,12.52809560356846,0.000902573076824442,0.2,0.4,0.6273557911370559,0.0036559858783809162,0.363627733339989,0.0007252535476022253,0.9909835244770449,0.003123609637847449,0.9993890744353793,0.9999284009706018,20
1000,0.03125,1.202985516427376,1,half-radius,60,12.52037499807021,threshold_joint_tail,12.534842760994993,0.0006592669839710991,0.05,0.1,0.7909695192956225,0.0008685288259323233,0.3950047909530223,0.0008043517504474948,1.1859743102486449,0.0016590801291366955,0.9999963828321511,0.9999875604935814,5
1000,0.03125,1.202985516427376,1,Gaussian-radius,60,12.52037499807021,threshold_joint_tail,12.534842760994993,0.0006592669839710991,0.05,0.1,0.7909695192956225,0.0008685288259323233,0.3869755515802351,0.0012093917909872108,1.1779450708758576,0.000959563380213936,0.9999963828321511,0.9999706994679564,5
1000,0.03125,1.202985516427376,1,half-radius,60,12.52037499807021,threshold_joint_tail,12.534842760994993,0.0006592669839710991,0.1,0.2,0.7603287073817877,0.003305998216936495,0.39335717502062484,0.0005610046241461087,1.1536858824024125,0.0038669692252236167,0.999848773897679,0.9999837279732532,10
1000,0.03125,1.202985516427376,1,Gaussian-radius,60,12.52037499807021,threshold_joint_tail,12.534842760994993,0.0006592669839710991,0.1,0.2,0.7603287073817877,0.003305998216936495,0.3819845652816064,0.000853710447982704,1.1423132726633942,0.003670177199884622,0.999848773897679,0.9999600421422569,10
1000,0.03125,1.202985516427376,1,half-radius,60,12.52037499807021,threshold_joint_tail,12.534842760994993,0.0006592669839710991,0.1,0.3,0.7285789780940125,0.004795133200527526,0.38878264431926013,0.0006603410262064835,1.1173616224132727,0.005452031739650705,0.9992209199171209,0.9999480754458708,20
1000,0.03125,1.202985516427376,1,Gaussian-radius,60,12.52037499807021,threshold_joint_tail,12.534842760994993,0.0006592669839710991,0.1,0.3,0.7285789780940125,0.004795133200527526,0.3773719619435135,0.000749982973617158,1.105950940037526,0.005469293397669214,0.9992209199171209,0.9999289105459807,20
1000,0.03125,1.202985516427376,1,half-radius,60,12.52037499807021,threshold_joint_tail,12.534842760994993,0.0006592669839710991,0.2,0.4,0.6490641192830079,0.004169509095168211,0.38243493699698006,0.00014213319025184942,1.031499056279988,0.004144285092196369,0.9992577594412712,0.9999975137355882,20
1000,0.03125,1.202985516427376,1,Gaussian-radius,60,12.52037499807021,threshold_joint_tail,12.534842760994993,0.0006592669839710991,0.2,0.4,0.6490641192830079,0.004169509095168211,0.3716794463630811,0.0005663679189827214,1.020743565646089,0.003872176492471481,0.9992577594412712,0.999958205940795,20
1000,0.03125,1.202985516427376,1,half-radius,80,12.52668819989998,threshold_joint_tail,12.5370869231722,0.0006023384791403334,0.05,0.1,0.8158543739249912,0.0004704853834007729,0.4074338589558418,0.0002654570538749713,1.223288232880833,0.00044936962003751116,0.9999990023279616,0.9999987265115592,5
1000,0.03125,1.202985516427376,1,Gaussian-radius,80,12.52668819989998,threshold_joint_tail,12.5370869231722,0.0006023384791403334,0.05,0.1,0.8158543739249912,0.0004704853834007729,0.39914703475526214,0.0015091743276435315,1.2150014086802532,0.0015199712693500093,0.9999990023279616,0.9999571139910023,5
1000,0.03125,1.202985516427376,1,half-radius,80,12.52668819989998,threshold_joint_tail,12.5370869231722,0.0006023384791403334,0.1,0.2,0.7723216685575652,0.0037268842752482857,0.39956620450207486,0.0007609442856777082,1.17188787305964,0.00448762656505874,0.999813746489883,0.9999709861334088,10
1000,0.03125,1.202985516427376,1,Gaussian-radius,80,12.52668819989998,threshold_joint_tail,12.5370869231722,0.0006023384791403334,0.1,0.2,0.7723216685575652,0.0037268842752482857,0.38801497382965383,0.0009514476433051756,1.160336642387219,0.004275707501819117,0.999813746489883,0.9999519003501233,10
1000,0.03125,1.202985516427376,1,half-radius,80,12.52668819989998,threshold_joint_tail,12.5370869231722,0.0006023384791403334,0.1,0.3,0.7378751755229354,0.005164810307060845,0.393757635858556,0.0008354314202686379,1.1316328113814913,0.005995744802104081,0.9991188849390373,0.9999189783751435,20
1000,0.03125,1.202985516427376,1,Gaussian-radius,80,12.52668819989998,threshold_joint_tail,12.5370869231722,0.0006023384791403334,0.1,0.3,0.7378751755229354,0.005164810307060845,0.38220080661340233,0.000904841493749974,1.1200759821363377,0.006006837864412509,0.9991188849390373,0.9998991233827832,20
1000,0.03125,1.202985516427376,1,half-radius,80,12.52668819989998,threshold_joint_tail,12.5370869231722,0.0006023384791403334,0.2,0.4,0.6541804414104103,0.004310348073336428,0.3854569295106649,0.0001490698445998948,1.039637370921075,0.004348772064896575,0.9992191586011936,0.9999973078502219,20
1000,0.03125,1.202985516427376,1,Gaussian-radius,80,12.52668819989998,threshold_joint_tail,12.5370869231722,0.0006023384791403334,0.2,0.4,0.6541804414104103,0.004310348073336428,0.37461733370319306,0.0005391212975944169,1.0287977751136035,0.004071775935153741,0.9992191586011936,0.9999627219183306,20
1000,0.05,1.203211005746294,0,half-radius,20,11.821259364538921,threshold_joint_tail,11.872658167293132,0.0010363755351919593,0.05,0.1,0.6924654621773708,0.0047838574172793715,0.34481274376812715,0.002805863484807899,1.037278205945498,0.0075536230654752136,0.9998091301599832,0.9997352039914027,6
1000,0.05,1.203211005746294,0,Gaussian-radius,20,11.821259364538921,threshold_joint_tail,11.872658167293132,0.0010363755351919593,0.05,0.1,0.6924654621773708,0.0047838574172793715,0.33751644770778144,0.003418383289474853,1.0299819098851524,0.008164785277747014,0.9998091301599832,0.9995898587381711,6
1000,0.05,1.203211005746294,0,half-radius,20,11.821259364538921,threshold_joint_tail,11.872658167293132,0.0010363755351919593,0.1,0.2,0.7470976134832873,0.0005454642554748503,0.3841490328062584,0.0011476434297948833,1.1312466462895456,0.0016292533540711205,0.9999957355205159,0.9999286040724288,10
1000,0.05,1.203211005746294,0,Gaussian-radius,20,11.821259364538921,threshold_joint_tail,11.872658167293132,0.0010363755351919593,0.1,0.2,0.7470976134832873,0.0005454642554748503,0.37495608899449157,0.000987517643931872,1.1220537024777788,0.0012540549899929358,0.9999957355205159,0.9999445125463817,10
1000,0.05,1.203211005746294,0,half-radius,20,11.821259364538921,threshold_joint_tail,11.872658167293132,0.0010363755351919593,0.1,0.3,0.741709849610042,0.0010938013075290217,0.391382171541456,0.0010640101052755628,1.133092021151498,0.0006557271654901766,0.9999608560823985,0.9998669839150118,20
1000,0.05,1.203211005746294,0,Gaussian-radius,20,11.821259364538921,threshold_joint_tail,11.872658167293132,0.0010363755351919593,0.1,0.3,0.741709849610042,0.0010938013075290217,0.38312362556018786,0.001207355996512974,1.12483347517023,0.0005969007037927054,0.9999608560823985,0.9998212740156613,20
1000,0.05,1.203211005746294,0,half-radius,20,11.821259364538921,threshold_joint_tail,11.872658167293132,0.0010363755351919593,0.2,0.4,0.7108275597049308,0.0023927893695516907,0.40631072845338784,0.00077252505966157,1.1171382881583187,0.001620440735580144,0.9997960778695352,0.9999349341932003,20
1000,0.05,1.203211005746294,0,Gaussian-radius,20,11.821259364538921,threshold_joint_tail,11.872658167293132,0.0010363755351919593,0.2,0.4,0.7108275597049308,0.0023927893695516907,0.40135968730724764,0.0011906046753045287,1.1121872470121785,0.0013940047020846104,0.9997960778695352,0.9998416305572491,20
1000,0.05,1.203211005746294,0,half-radius,24,11.834072052613372,threshold_joint_tail,11.876305452230865,0.0009273398119715245,0.05,0.1,0.730706980773806,0.0050204961307441995,0.36474902535538956,0.002818142854208709,1.0954560061291956,0.007838258375686009,0.9998583989367237,0.9998209471598816,5
1000,0.05,1.203211005746294,0,Gaussian-radius,24,11.834072052613372,threshold_joint_tail,11.876305452230865,0.0009273398119715245,0.05,0.1,0.730706980773806,0.0050204961307441995,0.35722712503712456,0.0037545577144183677,1.0879341058109306,0.00874866126324638,0.9998583989367237,0.9996687117241596,5
1000,0.05,1.203211005746294,0,half-radius,24,11.834072052613372,threshold_joint_tail,11.876305452230865,0.0009273398119715245,0.1,0.2,0.7665831013938958,0.0003481823844993616,0.39417426539769024,0.000861907762860521,1.160757366791586,0.0007798224382070616,0.9999983496183821,0.9999617511461264,10
1000,0.05,1.203211005746294,0,Gaussian-radius,24,11.834072052613372,threshold_joint_tail,11.876305452230865,0.0009273398119715245,0.1,0.2,0.7665831013938958,0.0003481823844993616,0.3847385169966975,0.0008317052229687928,1.1513216183905932,0.0006040812953365065,0.9999983496183821,0.999962616386713,10
1000,0.05,1.203211005746294,0,half-radius,24,11.834072052613372,threshold_joint_tail,11.876305452230865,0.0009273398119715245,0.1,0.3,0.7573526154943941,0.0015743899927832708,0.39965617438508066,0.0008053501661468599,1.1570087898794748,0.0008886061794974265,0.9999222201490628,0.9999269134916423,20
1000,0.05,1.203211005746294,0,Gaussian-radius,24,11.834072052613372,threshold_joint_tail,11.876305452230865,0.0009273398119715245,0.1,0.3,0.7573526154943941,0.0015743899927832708,0.39122435400334266,0.0009762738822870562,1.1485769694977368,0.0007581004496061376,0.9999222201490628,0.9998879232817113,20
1000,0.05,1.203211005746294,0,half-radius,24,11.834072052613372,threshold_joint_tail,11.876305452230865,0.0009273398119715245,0.2,0.4,0.7200177985501662,0.0026176140196160413,0.41157438779784894,0.0006720296834528843,1.1315921863480152,0.0019463362637945226,0.9997621550417621,0.9999520120835116,20
1000,0.05,1.203211005746294,0,Gaussian-radius,24,11.834072052613372,threshold_joint_tail,11.876305452230865,0.0009273398119715245,0.2,0.4,0.7200177985501662,0.0026176140196160413,0.4065609441307747,0.0011041656618496305,1.126578742680941,0.001694383401495939,0.9997621550417621,0.9998672507700387,20
1000,0.05,1.203211005746294,0,half-radius,40,11.859759417299601,threshold_joint_tail,11.884742421328637,0.0007500557606755268,0.05,0.1,0.8078889457826632,0.002896010655968986,0.4023591346938808,0.0017166426476683037,1.210248080476544,0.004611777273556916,0.9999614520317409,0.9999453953529661,5
1000,0.05,1.203211005746294,0,Gaussian-radius,40,11.859759417299601,threshold_joint_tail,11.884742421328637,0.0007500557606755268,0.05,0.1,0.8078889457826632,0.002896010655968986,0.394837189016614,0.0016558294931537333,1.2027261347992773,0.004196852735186956,0.9999614520317409,0.9999472413752509,5
1000,0.05,1.203211005746294,0,half-radius,40,11.859759417299601,threshold_joint_tail,11.884742421328637,0.0007500557606755268,0.1,0.2,0.8147232109915725,0.001348983161238707,0.4167283483046067,0.00026475720830355427,1.2314515592961792,0.0011040222786149474,0.999978068247275,0.9999967709253785,10
1000,0.05,1.203211005746294,0,Gaussian-radius,40,11.859759417299601,threshold_joint_tail,11.884742421328637,0.0007500557606755268,0.1,0.2,0.8147232109915725,0.001348983161238707,0.40658487667997245,0.0007289518072974253,1.221308087671545,0.0017639683436335872,0.999978068247275,0.9999742857411017,10
1000,0.05,1.203211005746294,0,half-radius,40,11.859759417299601,threshold_joint_tail,11.884742421328637,0.0007500557606755268,0.1,0.3,0.797856418513958,0.002636421893920729,0.418239834999531,0.00023026512337105163,1.2160962535134892,0.00241330975227207,0.9998034977671358,0.9999945439835216,20
1000,0.05,1.203211005746294,0,Gaussian-radius,40,11.859759417299601,threshold_joint_tail,11.884742421328637,0.0007500557606755268,0.1,0.3,0.797856418513958,0.002636421893920729,0.409248122277874,0.0005091333475452019,1.207104540791832,0.00229008499535937,0.9998034977671358,0.9999721419891756,20
1000,0.05,1.203211005746294,0,half-radius,40,11.859759417299601,threshold_joint_tail,11.884742421328637,0.0007500557606755268,0.2,0.4,0.7465752581842358,0.003152829875701904,0.42303707842052835,0.00040638884684957504,1.1696123366047642,0.0027518987856876647,0.9996790872292713,0.9999833891451375,20
1000,0.05,1.203211005746294,0,Gaussian-radius,40,11.859759417299601,threshold_joint_tail,11.884742421328637,0.0007500557606755268,0.2,0.4,0.7465752581842358,0.003152829875701904,0.4174446136317994,0.0008822462999487857,1.164019871816035,0.0024508797737767107,0.9996790872292713,0.9999196067552856,20
1000,0.05,1.203211005746294,0,half-radius,60,11.87158487325689,threshold_joint_tail,11.888613453551637,0.00048800485435477844,0.05,0.1,0.8517864975217965,0.0010177093379666045,0.4242238755788871,0.0007902660369911325,1.2760103731006835,0.0018036386797121002,0.999995717420726,0.9999895894624583,5
1000,0.05,1.203211005746294,0,Gaussian-radius,60,11.87158487325689,threshold_joint_tail,11.888613453551637,0.00048800485435477844,0.05,0.1,0.8517864975217965,0.0010177093379666045,0.4162894650159779,0.0012348965856608597,1.2680759625377744,0.0016135155671773674,0.999995717420726,0.9999736014466061,5
1000,0.05,1.203211005746294,0,half-radius,60,11.87158487325689,threshold_joint_tail,11.888613453551637,0.00048800485435477844,0.1,0.2,0.8369140036789663,0.0020595190896905537,0.42808516627116927,8.557066616176508e-05,1.2649991699501355,0.0021442838328996805,0.9999515561197816,0.9999996803466092,10
1000,0.05,1.203211005746294,0,Gaussian-radius,60,11.87158487325689,threshold_joint_tail,11.888613453551637,0.00048800485435477844,0.1,0.2,0.8369140036789663,0.0020595190896905537,0.4176619279388765,0.0009194308751222353,1.2545759316178429,0.002760115557912773,0.9999515561197816,0.999961233058419,10
1000,0.05,1.203211005746294,0,half-radius,60,11.87158487325689,threshold_joint_tail,11.888613453551637,0.00048800485435477844,0.1,0.3,0.8154500654067866,0.0032692616542949063,0.4274833580409216,8.0160971248798e-05,1.242933423447708,0.003341416113668031,0.999710764569984,0.9999993670640748,20
1000,0.05,1.203211005746294,0,Gaussian-radius,60,11.87158487325689,threshold_joint_tail,11.888613453551637,0.00048800485435477844,0.1,0.3,0.8154500654067866,0.0032692616542949063,0.4182943584393609,0.00039627512771850344,1.2337444238461475,0.0032136878341134296,0.999710764569984,0.9999838454411073,20
1000,0.05,1.203211005746294,0,half-radius,60,11.87158487325689,threshold_joint_tail,11.888613453551637,0.00048800485435477844,0.2,0.4,0.7567369278049291,0.0034093063524213043,0.4288062808453355,0.0002959931462863762,1.1855432086502646,0.0031245995480015296,0.9996347787295154,0.9999914235054765,20
1000,0.05,1.203211005746294,0,Gaussian-radius,60,11.87158487325689,threshold_joint_tail,11.888613453551637,0.00048800485435477844,0.2,0.4,0.7567369278049291,0.0034093063524213043,0.4231394268356264,0.000794664400587936,1.1798763546405555,0.0028109138972798866,0.9996347787295154,0.9999365187509062,20
1000,0.05,1.203211005746294,0,half-radius,80,11.87819340287677,threshold_joint_tail,11.890738718301682,0.0004649475788499181,0.05,0.1,0.8744945225704508,0.0007940264877407241,0.43475965983996284,0.0006017834414658095,1.3092541824104136,0.0013901704566435973,0.9999975267046911,0.9999942522119496,5
1000,0.05,1.203211005746294,0,Gaussian-radius,80,11.87819340287677,threshold_joint_tail,11.890738718301682,0.0004649475788499181,0.05,0.1,0.8744945225704508,0.0007940264877407241,0.4271716238321053,0.0009858992241357082,1.301666146402556,0.001167855233485245,0.9999975267046911,0.9999840200810204,5
1000,0.05,1.203211005746294,0,half-radius,80,11.87819340287677,threshold_joint_tail,11.890738718301682,0.0004649475788499181,0.1,0.2,0.8544831441151635,0.0023245777127175603,0.434916503759254,0.00026986451200277956,1.2893996478744174,0.00259432527284725,0.9999407967683438,0.999996919874391,10
1000,0.05,1.203211005746294,0,Gaussian-radius,80,11.87819340287677,threshold_joint_tail,11.890738718301682,0.0004649475788499181,0.1,0.2,0.8544831441151635,0.0023245777127175603,0.4248165524173834,0.0010038852516305974,1.279299696532547,0.0031666012367754224,0.9999407967683438,0.9999553279509598,10
1000,0.05,1.203211005746294,0,half-radius,80,11.87819340287677,threshold_joint_tail,11.890738718301682,0.0004649475788499181,0.1,0.3,0.8313006991332632,0.0035521899970675013,0.43299454567974976,0.0002726437794687032,1.264295244813013,0.003819021655765401,0.9996714466685414,0.9999928633279334,20
1000,0.05,1.203211005746294,0,Gaussian-radius,80,11.87819340287677,threshold_joint_tail,11.890738718301682,0.0004649475788499181,0.1,0.3,0.8313006991332632,0.0035521899970675013,0.423411661950871,0.00041090452775390646,1.2547123610841342,0.0037834020764612457,0.9996714466685414,0.999983047983542,20
1000,0.05,1.203211005746294,0,half-radius,80,11.87819340287677,threshold_joint_tail,11.890738718301682,0.0004649475788499181,0.2,0.4,0.7683868962560628,0.003589127402485642,0.43166065846998514,0.00019248283229229352,1.2000475547260478,0.0034170188470630486,0.9996074275404284,0.9999964209314715,20
1000,0.05,1.203211005746294,0,Gaussian-radius,80,11.87819340287677,threshold_joint_tail,11.890738718301682,0.0004649475788499181,0.2,0.4,0.7683868962560628,0.003589127402485642,0.4256929591863428,0.0006784341834391845,1.1940798554424057,0.003165853432817093,0.9996074275404284,0.9999542832698861,20
1000,0.1,1.2038123105967418,0,half-radius,20,11.449680492072693,threshold_joint_tail,11.502685416400555,0.001028816953984499,0.05,0.1,0.7278583972088204,0.0059742581186528355,0.3631718396086631,0.003360161769262409,1.0910302368174836,0.00933434771826265,0.9997979272935944,0.9997432527638285,5
1000,0.1,1.2038123105967418,0,Gaussian-radius,20,11.449680492072693,threshold_joint_tail,11.502685416400555,0.001028816953984499,0.05,0.1,0.7278583972088204,0.0059742581186528355,0.3584886672877494,0.0037668882085183097,1.0863470644965698,0.009615895697812916,0.9997979272935944,0.99966887495811,5
1000,0.1,1.2038123105967418,0,half-radius,20,11.449680492072693,threshold_joint_tail,11.502685416400555,0.001028816953984499,0.1,0.2,0.7824031778894756,0.0007674186653364505,0.4008154882233728,0.0012011045249511387,1.1832186661128483,0.0019387302757733322,0.9999923035553764,0.9999281657759858,10
1000,0.1,1.2038123105967418,0,Gaussian-radius,20,11.449680492072693,threshold_joint_tail,11.502685416400555,0.001028816953984499,0.1,0.2,0.7824031778894756,0.0007674186653364505,0.3948730878855561,0.0011886017241265641,1.1772762657750317,0.0019253429745965266,0.9999923035553764,0.9999275203398534,10
1000,0.1,1.2038123105967418,0,half-radius,20,11.449680492072693,threshold_joint_tail,11.502685416400555,0.001028816953984499,0.1,0.3,0.7795026547660562,0.0007844570881206085,0.40854588175893686,0.0011363442054002474,1.188048536524993,0.0008407146436498563,0.9999817707931075,0.9998607644415994,20
1000,0.1,1.2038123105967418,0,Gaussian-radius,20,11.449680492072693,threshold_joint_tail,11.502685416400555,0.001028816953984499,0.1,0.3,0.7795026547660562,0.0007844570881206085,0.40343107948878143,0.0012666584177337984,1.1829337342548376,0.0009108744395587617,0.9999817707931075,0.9998225909488483,20
1000,0.1,1.2038123105967418,0,half-radius,20,11.449680492072693,threshold_joint_tail,11.502685416400555,0.001028816953984499,0.2,0.4,0.7539847771959579,0.0021828042118616827,0.42426743755932533,0.0007762982214841856,1.1782522147552832,0.0014074223066018433,0.9998491617785671,0.999939740695568,20
1000,0.1,1.2038123105967418,0,Gaussian-radius,20,11.449680492072693,threshold_joint_tail,11.502685416400555,0.001028816953984499,0.2,0.4,0.7539847771959579,0.0021828042118616827,0.4227241769362111,0.0011144030181096498,1.176708954132169,0.0012398035604311154,0.9998491617785671,0.9998749198006207,20
1000,0.1,1.2038123105967418,0,half-radius,24,11.462174020553421,threshold_joint_tail,11.507066481639447,0.0008296768511411609,0.05,0.1,0.7727750936110036,0.004615571126657,0.38584502483512584,0.0025825517985441243,1.1586201184461293,0.00719774802512987,0.9998929912128134,0.9998656198372597,5
1000,0.1,1.2038123105967418,0,Gaussian-radius,24,11.462174020553421,threshold_joint_tail,11.507066481639447,0.0008296768511411609,0.05,0.1,0.7727750936110036,0.004615571126657,0.3808422893162477,0.0031078012618046902,1.1536173829272514,0.00756349354713082,0.9998929912128134,0.9998002666224697,5
1000,0.1,1.2038123105967418,0,half-radius,24,11.462174020553421,threshold_joint_tail,11.507066481639447,0.0008296768511411609,0.1,0.2,0.806907939738372,0.0002762642891071484,0.4133755441781599,0.0008433283542873817,1.220283483916532,0.0008577561664193166,0.9999990622412993,0.9999667049729266,10
1000,0.1,1.2038123105967418,0,Gaussian-radius,24,11.462174020553421,threshold_joint_tail,11.507066481639447,0.0008296768511411609,0.1,0.2,0.806907939738372,0.0002762642891071484,0.40724583012826354,0.0009031955950258078,1.2141537698666356,0.001033052002740295,0.9999990622412993,0.9999606519488463,10
1000,0.1,1.2038123105967418,0,half-radius,24,11.462174020553421,threshold_joint_tail,11.507066481639447,0.0008296768511411609,0.1,0.3,0.7992460568041909,0.0013394174405791691,0.41891534893227866,0.0008130525672146064,1.2181614057364696,0.0006826184050278798,0.9999494499667552,0.9999322003013119,20
1000,0.1,1.2038123105967418,0,Gaussian-radius,24,11.462174020553421,threshold_joint_tail,11.507066481639447,0.0008296768511411609,0.1,0.3,0.7992460568041909,0.0013394174405791691,0.4136725247188203,0.0009617280288880956,1.2129185815230112,0.0006157693233694876,0.9999494499667552,0.9999027204734746,20
1000,0.1,1.2038123105967418,0,half-radius,24,11.462174020553421,threshold_joint_tail,11.507066481639447,0.0008296768511411609,0.2,0.4,0.765694160515256,0.0024630715067382046,0.43086810776133105,0.0006494321281610405,1.196562268276587,0.0018137250652878658,0.9998137762824505,0.9999591084487003,20
1000,0.1,1.2038123105967418,0,Gaussian-radius,24,11.462174020553421,threshold_joint_tail,11.507066481639447,0.0008296768511411609,0.2,0.4,0.765694160515256,0.0024630715067382046,0.4293023873891743,0.0010042735639232557,1.1949965479044302,0.0016206622963132818,0.9998137762824505,0.999901506588138,20
1000,0.1,1.2038123105967418,0,half-radius,40,11.486892232038008,threshold_joint_tail,11.513376838527721,0.0005921028648630177,0.05,0.1,0.8307822302237747,0.0031546736878196044,0.41401313597352196,0.0018051445456941366,1.2447953661972968,0.0049593236502431855,0.9999567449360581,0.9999429714653989,5
1000,0.1,1.2038123105967418,0,Gaussian-radius,40,11.486892232038008,threshold_joint_tail,11.513376838527721,0.0005921028648630177,0.05,0.1,0.8307822302237747,0.0031546736878196044,0.40715835394970046,0.0033510809313915205,1.2379405841734752,0.0064592992302463246,0.9999567449360581,0.9997968222531106,5
1000,0.1,1.2038123105967418,0,half-radius,40,11.486892232038008,threshold_joint_tail,11.513376838527721,0.0005921028648630177,0.1,0.2,0.8443006480051743,0.0009170248337596283,0.43054652626453593,0.0003955414277663951,1.2748471742697103,0.0005655828626490336,0.9999905625679677,0.9999932480249449,10
1000,0.1,1.2038123105967418,0,Gaussian-radius,40,11.486892232038008,threshold_joint_tail,11.513376838527721,0.0005921028648630177,0.1,0.2,0.8443006480051743,0.0009170248337596283,0.42427551845478445,0.000710380820586931,1.2685761664599589,0.0009163840417665713,0.9999905625679677,0.9999775732285906,10
1000,0.1,1.2038123105967418,0,half-radius,40,11.486892232038008,threshold_joint_tail,11.513376838527721,0.0005921028648630177,0.1,0.3,0.8311177090353052,0.0021019434831404875,0.4330681222997612,0.0003777508359251454,1.2641858313350665,0.0017381838037039664,0.999884882989063,0.9999863049068162,20
1000,0.1,1.2038123105967418,0,Gaussian-radius,40,11.486892232038008,threshold_joint_tail,11.513376838527721,0.0005921028648630177,0.1,0.3,0.8311177090353052,0.0021019434831404875,0.42732552203429397,0.0005285365617118193,1.2584432310695992,0.0016600864903387356,0.999884882989063,0.9999724645008823,20
1000,0.1,1.2038123105967418,0,half-radius,40,11.486892232038008,threshold_joint_tail,11.513376838527721,0.0005921028648630177,0.2,0.4,0.7873697937659506,0.0028538373213146265,0.43960261663035155,0.00044397201703558973,1.2269724103963022,0.0024116232197069266,0.9997635873303866,0.9999816407392477,20
1000,0.1,1.2038123105967418,0,Gaussian-radius,40,11.486892232038008,threshold_joint_tail,11.513376838527721,0.0005921028648630177,0.2,0.4,0.7873697937659506,0.0028538373213146265,0.43790047021634243,0.0008380659206588991,1.225270263982293,0.0021751830704124144,0.9997635873303866,0.9999340751103121,20
1000,0.1,1.2038123105967418,0,half-radius,60,11.499467759688384,threshold_joint_tail,11.517167536010302,0.0004891833093381014,0.05,0.1,0.8758954877869406,0.001186867735821295,0.4364967555861808,0.0008340144628195267,1.3123922433731214,0.002018771132634457,0.999994491682915,0.9999890477935426,5
1000,0.1,1.2038123105967418,0,Gaussian-radius,60,11.499467759688384,threshold_joint_tail,11.517167536010302,0.0004891833093381014,0.05,0.1,0.8758954877869406,0.001186867735821295,0.4292814294335244,0.002509783370225872,1.305176917220465,0.0036321208979551967,0.999994491682915,0.9998974666859893,5
1000,0.1,1.2038123105967418,0,half-radius,60,11.499467759688384,threshold_joint_tail,11.517167536010302,0.0004891833093381014,0.1,0.2,0.867053815922718,0.001632890370387623,0.44215504144864615,4.463774824838394e-05,1.309208857371364,0.0015942276885648771,0.9999716273688168,0.9999999184647614,10
1000,0.1,1.2038123105967418,0,Gaussian-radius,60,11.499467759688384,threshold_joint_tail,11.517167536010302,0.0004891833093381014,0.1,0.2,0.867053815922718,0.001632890370387623,0.43571512750946756,0.0005957431485926665,1.3027689434321856,0.001740447327097987,0.9999716273688168,0.9999850446587236,10
1000,0.1,1.2038123105967418,0,half-radius,60,11.499467759688384,threshold_joint_tail,11.517167536010302,0.0004891833093381014,0.1,0.3,0.8492343682606183,0.002739923501486272,0.44252702568106184,7.123388435788047e-05,1.29176139394168,0.002671421802851223,0.999812667602267,0.9999995335920345,20
1000,0.1,1.2038123105967418,0,Gaussian-radius,60,11.499467759688384,threshold_joint_tail,11.517167536010302,0.0004891833093381014,0.1,0.3,0.8492343682606183,0.002739923501486272,0.43666029569797865,0.0002976287839624894,1.2858946639585969,0.002580968909811365,0.999812667602267,0.9999916375925528,20
1000,0.1,1.2038123105967418,0,half-radius,60,11.499467759688384,threshold_joint_tail,11.517167536010302,0.0004891833093381014,0.2,0.4,0.7979202997702911,0.0031144807711655127,0.4455034731849546,0.00032846020847082164,1.2434237729552458,0.0027911284991610982,0.99972583898337,0.9999902156586473,20
1000,0.1,1.2038123105967418,0,Gaussian-radius,60,11.499467759688384,threshold_joint_tail,11.517167536010302,0.0004891833093381014,0.2,0.4,0.7979202997702911,0.0031144807711655127,0.44377987024291193,0.0007475893374359405,1.241700170013203,0.002546191149898709,0.99972583898337,0.9999489211253192,20
1000,0.1,1.2038123105967418,0,half-radius,80,11.505648882641129,threshold_joint_tail,11.51903576806461,0.00039141105819629076,0.05,0.1,0.8980833994153268,0.00026772536686673476,0.44755480496832056,0.0003574953842181563,1.3456382043836475,0.0005988199343404521,0.9999997333958864,0.9999980858813585,5
1000,0.1,1.2038123105967418,0,Gaussian-radius,80,11.505648882641129,threshold_joint_tail,11.51903576806461,0.00039141105819629076,0.05,0.1,0.8980833994153268,0.00026772536686673476,0.4401621697516681,0.002104761855136655,1.338245569166995,0.002259265497373109,0.9999997333958864,0.9999314082369866,5
1000,0.1,1.2038123105967418,0,half-radius,80,11.505648882641129,threshold_joint_tail,11.51903576806461,0.00039141105819629076,0.1,0.2,0.878254171214703,0.0019910221664338782,0.44786938938978005,0.00013256264752765443,1.326123560604483,0.0021233456043419914,0.9999588865540184,0.9999992991432513,10
1000,0.1,1.2038123105967418,0,Gaussian-radius,80,11.505648882641129,threshold_joint_tail,11.51903576806461,0.00039141105819629076,0.1,0.2,0.878254171214703,0.0019910221664338782,0.44134632603539936,0.0006086825877290221,1.3196004972501023,0.0022299693922297028,0.9999588865540184,0.9999847838036469,10
1000,0.1,1.2038123105967418,0,half-radius,80,11.505648882641129,threshold_joint_tail,11.51903576806461,0.00039141105819629076,0.1,0.3,0.8581402755611228,0.0030569302393273056,0.44717690062358867,9.437050360109688e-05,1.3053171761847115,0.0031388084613766607,0.9997716359157375,0.9999991983478177,20
1000,0.1,1.2038123105967418,0,Gaussian-radius,80,11.505648882641129,threshold_joint_tail,11.51903576806461,0.00039141105819629076,0.1,0.3,0.8581402755611228,0.0030569302393273056,0.44124915009242593,0.0002519267205764282,1.2993894256535488,0.003043853672145742,0.9997716359157375,0.9999941325329449,20
1000,0.1,1.2038123105967418,0,half-radius,80,11.505648882641129,threshold_joint_tail,11.51903576806461,0.00039141105819629076,0.2,0.4,0.8031168142009678,0.003242937023135594,0.44840986367925906,0.00027270169270751,1.2515266778802268,0.0029781953145374034,0.9997065969285371,0.9999933427484593,20
1000,0.1,1.2038123105967418,0,Gaussian-radius,80,11.505648882641129,threshold_joint_tail,11.51903576806461,0.00039141105819629076,0.2,0.4,0.8031168142009678,0.003242937023135594,0.4466756929796709,0.0007056592251032959,1.2497925071806386,0.002729519252992779,0.9997065969285371,0.9999550780704396,20
