N,amplitude,offset_from_N500_Acrit_percent,horizon,collapse_cutoff,collapsed_by_horizon,event_time,max_abs_phi_center,steps
1000,1.2029554511848537,0.02874999999999961,100.0,12.0,0,,3.696401952892444,150000
1000,1.2029704838061148,0.029999999999996696,100.0,12.0,1,13.233032902959224,12.0,19850
1000,1.2029629674954843,0.029374999999998153,100.0,12.0,0,,4.049156775921634,150000
1000,1.2029667256507994,0.029687499999986322,100.0,12.0,0,,4.405159982653517,150000
1000,1.2029686047284571,0.02984374999999151,100.0,12.0,0,,4.761531796196104,150000
1000,1.2029695442672859,0.029921874999994102,100.0,12.0,0,,5.118785115635331,150000
1000,1.2029700140367003,0.029960937499984297,100.0,12.0,0,,5.485210896141231,150000
1000,1.2029702489214076,0.0299804687500016,100.0,12.0,0,,5.894912149568626,150000
1000,1.2029703663637612,0.029990234374999147,100.0,12.0,0,,6.620767581847536,150000
1000,1.202970425084938,0.029995117187509024,100.0,12.0,1,13.352243112644258,12.0,20029
1000,1.2029703957243496,0.029992675781254086,100.0,12.0,1,13.486249370099602,12.0,20230
1000,1.2029703810440555,0.02999145507813772,100.0,12.0,1,13.661692090694702,12.0,20493
1000,1.2029703737039084,0.029990844726568433,100.0,12.0,1,14.129039680979181,12.0,21194
