N,offset_from_N500_Acrit_percent,amplitude,collapsed_by_t100_phi12,first_phi12_time,first_phi20_time,first_phi80_time,max_abs_phi_center,last_time,source
1000,0.01,1.2027299618659357,1,15.161360420982794,15.215029981311037,15.27161107228459,80.0,15.27161107228459,saved amplitude scan
1000,0.02,1.2028502228360252,1,14.912974857524643,14.96574131886347,15.021866057764038,80.0,15.021866057764038,saved amplitude scan
1000,0.02125,1.2028652554572863,1,14.906392243572613,14.959407595575911,15.015268431114519,80.0,15.015268431114519,saved amplitude scan
1000,0.0225,1.2028802880785476,1,14.907919721096837,14.960840529791282,15.016758881532073,80.0,15.016758881532073,saved amplitude scan
1000,0.02375,1.2028953206998088,1,14.920958105397593,14.973663129697126,15.029805926024562,80.0,15.029805926024562,saved amplitude scan
1000,0.025,1.20291035332107,1,14.95252881033469,15.005407737375371,15.061598634436065,80.0,15.061598634436065,saved amplitude scan
1000,0.02625,1.2029253859423312,1,15.020548503938471,15.073531014754373,15.129804835084231,80.0,15.129804835084231,saved amplitude scan
1000,0.0275,1.2029404185635924,1,15.187341582694009,15.241128822726038,15.297470852580531,80.0,15.297470852580531,saved amplitude scan
1000,0.02874999999999961,1.2029554511848537,0,,,,3.696401952892444,100.0,local recorded-step transition bisection
1000,0.029374999999998153,1.2029629674954843,0,,,,4.049156775921634,100.0,local recorded-step transition bisection
1000,0.029687499999986322,1.2029667256507994,0,,,,4.405159982653517,100.0,local recorded-step transition bisection
1000,0.02984374999999151,1.2029686047284571,0,,,,4.761531796196104,100.0,local recorded-step transition bisection
1000,0.029921874999994102,1.2029695442672859,0,,,,5.118785115635331,100.0,local recorded-step transition bisection
1000,0.029960937499984297,1.2029700140367003,0,,,,5.485210896141231,100.0,local recorded-step transition bisection
1000,0.0299804687500016,1.2029702489214076,0,,,,5.894912149568626,100.0,local recorded-step transition bisection
1000,0.029990234374999147,1.2029703663637612,0,,,,6.620767581847536,100.0,local recorded-step transition bisection
1000,0.029990844726568433,1.2029703737039084,1,14.129039680979181,,,12.0,14.129039680979181,local recorded-step transition bisection
1000,0.02999145507813772,1.2029703810440555,1,13.661692090694702,,,12.0,13.661692090694702,local recorded-step transition bisection
1000,0.029992675781254086,1.2029703957243496,1,13.486249370099602,,,12.0,13.486249370099602,local recorded-step transition bisection
1000,0.029995117187509024,1.202970425084938,1,13.352243112644258,,,12.0,13.352243112644258,local recorded-step transition bisection
1000,0.029999999999996696,1.2029704838061148,1,13.233032902959224,,,12.0,13.233032902959224,local recorded-step transition bisection
1000,0.03125,1.202985516427376,1,12.40562370097835,12.46708529614409,12.52668819989998,80.0,12.52668819989998,saved amplitude scan
1000,0.0325,1.203000549048637,1,12.265234428200365,12.324757602761572,12.383722114012077,80.0,12.383722114012077,saved amplitude scan
1000,0.03375,1.2030155816698986,1,12.177923658459266,12.236397373924401,12.294927629118831,80.0,12.294927629118831,saved amplitude scan
1000,0.035,1.2030306142911598,1,12.113253000496151,12.171225945733868,12.229349678708067,80.0,12.229349678708067,saved amplitude scan
1000,0.03625,1.2030456469124209,1,12.06158362549754,12.119035113215608,12.176896482615806,80.0,12.176896482615806,saved amplitude scan
1000,0.0375,1.203060679533682,1,12.018214535403667,12.075036196711366,12.132956417115858,80.0,12.132956417115858,saved amplitude scan
1000,0.03875,1.2030757121549431,1,11.980789352285207,12.037317629189587,12.095015440733047,80.0,12.095015440733047,saved amplitude scan
1000,0.04,1.2030907447762043,1,11.947640669847736,12.003883216699299,12.061544891409651,80.0,12.061544891409651,saved amplitude scan
1000,0.05,1.203211005746294,1,11.766144993998171,11.821259364538921,11.87819340287677,80.0,11.87819340287677,saved amplitude scan
1000,0.0625,1.203361331958906,1,11.628870605665982,11.682929005388392,11.73963567484096,80.0,11.73963567484096,saved amplitude scan
1000,0.07500000000000001,1.203511658171518,1,11.532067062711052,11.585665739083492,11.642184288383802,80.0,11.642184288383802,saved amplitude scan
1000,0.08750000000000001,1.2036619843841299,1,11.457145227035893,11.510659579279134,11.566799980076816,80.0,11.566799980076816,saved amplitude scan
1000,0.1,1.2038123105967418,1,11.39632958362856,11.449680492072693,11.505648882641129,80.0,11.505648882641129,saved amplitude scan
