case,N,amplitude,observable,central_field_min,central_field_max,n,central_gamma_joint_fit,slope_log_observable_vs_log_phi,beta_over_gamma,beta_if_joint_gamma,fit_r2
N500_plus_0.01pct,500,1.2027299618659357,rms_signed_R4,4.168852641024611,20.0,40,0.7529371859873817,0.07886091283459995,-0.07886091283459995,-0.05937731379407988,0.8886805733355032
N500_plus_0.01pct,500,1.2027299618659357,rms_signed_R8,4.168852641024611,20.0,40,0.7529371859873817,0.030735838233276507,-0.030735838233276507,-0.02314215554832659,0.7463388849434354
N500_plus_0.01pct,500,1.2027299618659357,rms_signed_R12,4.168852641024611,20.0,40,0.7529371859873817,0.020576593565804803,-0.020576593565804803,-0.015492882456643133,0.7166530985475562
N500_plus_0.01pct,500,1.2027299618659357,rms_absrho_R8,4.168852641024611,20.0,40,0.7529371859873817,-0.535239251922227,0.535239251922227,0.4030015361723129,0.9979761039861229
N500_plus_0.01pct,500,1.2027299618659357,rms_positive_rho_R8,4.168852641024611,20.0,40,0.7529371859873817,-0.40233454554248993,0.40233454554248993,0.30293264054627445,0.9910629221541836
N500_plus_0.01pct,500,1.2027299618659357,rms_gradient_R8,4.168852641024611,20.0,40,0.7529371859873817,-0.5415656672087714,0.5415656672087714,0.40776492949555115,0.9991263206031678
N500_plus_0.01pct,500,1.2027299618659357,field_r50,4.168852641024611,20.0,40,0.7529371859873817,-0.5299085145768766,0.5299085145768766,0.3989878257962669,0.9989583835452136
N500_plus_0.01pct,500,1.2027299618659357,field_r20,4.168852641024611,20.0,40,0.7529371859873817,-0.5159816526088115,0.5159816526088115,0.38850177353639725,0.9977710498577368
N500_plus_0.01pct,500,1.2027299618659357,mean_r2_signed_R8,4.168852641024611,20.0,40,0.7529371859873817,0.061471676466553014,-0.030735838233276507,-0.02314215554832659,0.7463388849434349
N500_plus_0.05pct,500,1.203211005746294,rms_signed_R4,4.300017508513285,20.0,40,0.7230238091782593,0.055188934317373255,-0.055188934317373255,-0.039902913514635964,0.7562487173821808
N500_plus_0.05pct,500,1.203211005746294,rms_signed_R8,4.300017508513285,20.0,40,0.7230238091782593,0.010547828554620614,-0.010547828554620614,-0.0076263311801210085,0.18945392522528104
N500_plus_0.05pct,500,1.203211005746294,rms_signed_R12,4.300017508513285,20.0,40,0.7230238091782593,0.012512956165281268,-0.012512956165281268,-0.009047165230702247,0.557424071436326
N500_plus_0.05pct,500,1.203211005746294,rms_absrho_R8,4.300017508513285,20.0,40,0.7230238091782593,-0.5443738088217137,0.5443738088217137,0.3935952248711529,0.9984085561601468
N500_plus_0.05pct,500,1.203211005746294,rms_positive_rho_R8,4.300017508513285,20.0,40,0.7230238091782593,-0.4073561756709974,0.4073561756709974,0.2945282138259327,0.9929409749953435
N500_plus_0.05pct,500,1.203211005746294,rms_gradient_R8,4.300017508513285,20.0,40,0.7230238091782593,-0.5273345635336218,0.5273345635336218,0.38127544483743403,0.9974556737883963
N500_plus_0.05pct,500,1.203211005746294,field_r50,4.300017508513285,20.0,40,0.7230238091782593,-0.533858119484383,0.533858119484383,0.38599213111034086,0.9987260197266954
N500_plus_0.05pct,500,1.203211005746294,field_r20,4.300017508513285,20.0,40,0.7230238091782593,-0.509101494549675,0.509101494549675,0.3680925018476508,0.9979108249085916
N500_plus_0.05pct,500,1.203211005746294,mean_r2_signed_R8,4.300017508513285,20.0,40,0.7230238091782593,0.021095657109241044,-0.010547828554620522,-0.0076263311801209425,0.18945392522528126
N500_plus_0.1pct,500,1.2038123105967418,rms_signed_R4,4.046381789076196,20.0,40,0.7654271098032954,0.08829778862891353,-0.08829778862891353,-0.06758552115225157,0.9215471349411284
N500_plus_0.1pct,500,1.2038123105967418,rms_signed_R8,4.046381789076196,20.0,40,0.7654271098032954,0.04276630414084312,-0.04276630414084312,-0.032734488575494256,0.8703788088675326
N500_plus_0.1pct,500,1.2038123105967418,rms_signed_R12,4.046381789076196,20.0,40,0.7654271098032954,0.03169224128362455,-0.03169224128362455,-0.02425810064891342,0.9184809437716519
N500_plus_0.1pct,500,1.2038123105967418,rms_absrho_R8,4.046381789076196,20.0,40,0.7654271098032954,-0.5169255505591309,0.5169255505591309,0.39566883014795284,0.997485183744805
N500_plus_0.1pct,500,1.2038123105967418,rms_positive_rho_R8,4.046381789076196,20.0,40,0.7654271098032954,-0.38361307714163884,0.38361307714163884,0.29362784891927324,0.9893393703730907
N500_plus_0.1pct,500,1.2038123105967418,rms_gradient_R8,4.046381789076196,20.0,40,0.7654271098032954,-0.5111049900625652,0.5111049900625652,0.3912136153496313,0.9992505934569219
N500_plus_0.1pct,500,1.2038123105967418,field_r50,4.046381789076196,20.0,40,0.7654271098032954,-0.5306835641426851,0.5306835641426851,0.40619958672184725,0.9989692259562365
N500_plus_0.1pct,500,1.2038123105967418,field_r20,4.046381789076196,20.0,40,0.7654271098032954,-0.5251592802463187,0.5251592802463187,0.40197115006531864,0.9973277622069444
N500_plus_0.1pct,500,1.2038123105967418,mean_r2_signed_R8,4.046381789076196,20.0,40,0.7654271098032954,0.08553260828168624,-0.04276630414084312,-0.032734488575494256,0.870378808867533
N500_plus_0.01pct_phi30,500,1.2027299618659357,rms_signed_R4,4.305185330454991,30.0,40,0.7894316923809107,0.09536713987884046,-0.09536713987884046,-0.07528584263208006,0.9133642864222556
N500_plus_0.01pct_phi30,500,1.2027299618659357,rms_signed_R8,4.305185330454991,30.0,40,0.7894316923809107,0.04216074273366505,-0.04216074273366505,-0.03328302648827339,0.818125759786613
N500_plus_0.01pct_phi30,500,1.2027299618659357,rms_signed_R12,4.305185330454991,30.0,40,0.7894316923809107,0.028086364228661467,-0.028086364228661467,-0.022172266045858893,0.8135981201173395
N500_plus_0.01pct_phi30,500,1.2027299618659357,rms_absrho_R8,4.305185330454991,30.0,40,0.7894316923809107,-0.5472944680676074,0.5472944680676074,0.4320515981573216,0.9982484788015231
N500_plus_0.01pct_phi30,500,1.2027299618659357,rms_positive_rho_R8,4.305185330454991,30.0,40,0.7894316923809107,-0.4265798341908102,0.4265798341908102,0.33675564044081957,0.9902721339926059
N500_plus_0.01pct_phi30,500,1.2027299618659357,rms_gradient_R8,4.305185330454991,30.0,40,0.7894316923809107,-0.5319703778027909,0.5319703778027909,0.4199542756453697,0.9989522812253203
N500_plus_0.01pct_phi30,500,1.2027299618659357,field_r50,4.305185330454991,30.0,40,0.7894316923809107,-0.5219450111920573,0.5219450111920573,0.41203993351511914,0.9991346855166703
N500_plus_0.01pct_phi30,500,1.2027299618659357,field_r20,4.305185330454991,30.0,40,0.7894316923809107,-0.5057018439962396,0.5057018439962396,0.39921706254609873,0.9983178712047074
N500_plus_0.01pct_phi30,500,1.2027299618659357,mean_r2_signed_R8,4.305185330454991,30.0,40,0.7894316923809107,0.0843214854673301,-0.04216074273366505,-0.03328302648827339,0.8181257597866126
N500_plus_0.01pct_phi40,500,1.2027299618659357,rms_signed_R4,4.4547806370516865,40.0,40,0.8164660295208571,0.11162128189933841,-0.11162128189933841,-0.09113498484238115,0.9318074082075863
N500_plus_0.01pct_phi40,500,1.2027299618659357,rms_signed_R8,4.4547806370516865,40.0,40,0.8164660295208571,0.05428164728336202,-0.05428164728336202,-0.04431912103329821,0.8614570368594474
N500_plus_0.01pct_phi40,500,1.2027299618659357,rms_signed_R12,4.4547806370516865,40.0,40,0.8164660295208571,0.03603169753809265,-0.03603169753809265,-0.029418657025822945,0.8617974979314507
N500_plus_0.01pct_phi40,500,1.2027299618659357,rms_absrho_R8,4.4547806370516865,40.0,40,0.8164660295208571,-0.557036077437143,0.557036077437143,0.4548010344449768,0.9986432481459214
N500_plus_0.01pct_phi40,500,1.2027299618659357,rms_positive_rho_R8,4.4547806370516865,40.0,40,0.8164660295208571,-0.44944532748570004,0.44944532748570004,0.36695684201895085,0.9907328952558165
N500_plus_0.01pct_phi40,500,1.2027299618659357,rms_gradient_R8,4.4547806370516865,40.0,40,0.8164660295208571,-0.5231732710477968,0.5231732710477968,0.42715320336383383,0.9989178211982485
N500_plus_0.01pct_phi40,500,1.2027299618659357,field_r50,4.4547806370516865,40.0,40,0.8164660295208571,-0.5156237403429061,0.5156237403429061,0.42098926800446596,0.9993415568372142
N500_plus_0.01pct_phi40,500,1.2027299618659357,field_r20,4.4547806370516865,40.0,40,0.8164660295208571,-0.49820844364903827,0.49820844364903827,0.40677026985989595,0.9988585795508131
N500_plus_0.01pct_phi40,500,1.2027299618659357,mean_r2_signed_R8,4.4547806370516865,40.0,40,0.8164660295208571,0.10856329456672416,-0.05428164728336208,-0.044319121033298256,0.8614570368594472
N500_plus_0.01pct_phi60,500,1.2027299618659357,rms_signed_R4,4.535172300938859,60.0,40,0.8398938597809457,0.10189344228257245,-0.10189344228257245,-0.08557967652507678,0.8205224645317908
N500_plus_0.01pct_phi60,500,1.2027299618659357,rms_signed_R8,4.535172300938859,60.0,40,0.8398938597809457,0.044057919740508336,-0.044057919740508336,-0.03700397626477467,0.5229289203850106
N500_plus_0.01pct_phi60,500,1.2027299618659357,rms_signed_R12,4.535172300938859,60.0,40,0.8398938597809457,0.023283721117383697,-0.023283721117383697,-0.019555854399342504,0.2474657237671738
N500_plus_0.01pct_phi60,500,1.2027299618659357,rms_absrho_R8,4.535172300938859,60.0,40,0.8398938597809457,-0.5616861222202059,0.5616861222202059,0.4717567251769207,0.9989170757635819
N500_plus_0.01pct_phi60,500,1.2027299618659357,rms_positive_rho_R8,4.535172300938859,60.0,40,0.8398938597809457,-0.4653089807347784,0.4653089807347784,0.3908101558200707,0.9908376954934898
N500_plus_0.01pct_phi60,500,1.2027299618659357,rms_gradient_R8,4.535172300938859,60.0,40,0.8398938597809457,-0.5173223469428301,0.5173223469428301,0.43449586272475105,0.9988842499666046
N500_plus_0.01pct_phi60,500,1.2027299618659357,field_r50,4.535172300938859,60.0,40,0.8398938597809457,-0.5121481341593576,0.5121481341593576,0.4301500731787124,0.9994473728911468
N500_plus_0.01pct_phi60,500,1.2027299618659357,field_r20,4.535172300938859,60.0,40,0.8398938597809457,-0.49477192613824295,0.49477192613824295,0.4155559027555018,0.9991388178855573
N500_plus_0.01pct_phi60,500,1.2027299618659357,mean_r2_signed_R8,4.535172300938859,60.0,40,0.8398938597809457,0.08811583948101667,-0.044057919740508336,-0.03700397626477467,0.52292892038501
N500_plus_0.01pct_phi80,500,1.2027299618659357,rms_signed_R4,4.535172300938859,80.0,40,0.8529825110680977,0.12130901428708014,-0.12130901428708014,-0.10347446762178937,0.9442748349247105
N500_plus_0.01pct_phi80,500,1.2027299618659357,rms_signed_R8,4.535172300938859,80.0,40,0.8529825110680977,0.06216105679195098,-0.06216105679195098,-0.05302229431304498,0.8862574031173759
N500_plus_0.01pct_phi80,500,1.2027299618659357,rms_signed_R12,4.535172300938859,80.0,40,0.8529825110680977,0.039830072521820026,-0.039830072521820026,-0.033974355275686485,0.8745797716263196
N500_plus_0.01pct_phi80,500,1.2027299618659357,rms_absrho_R8,4.535172300938859,80.0,40,0.8529825110680977,-0.5627955666962426,0.5627955666962426,0.48005477569855415,0.9989317556541262
N500_plus_0.01pct_phi80,500,1.2027299618659357,rms_positive_rho_R8,4.535172300938859,80.0,40,0.8529825110680977,-0.46931234074766287,0.46931234074766287,0.4003152188861882,0.9904913533907164
N500_plus_0.01pct_phi80,500,1.2027299618659357,rms_gradient_R8,4.535172300938859,80.0,40,0.8529825110680977,-0.5158872026815022,0.5158872026815022,0.44004276157116445,0.998831985009326
N500_plus_0.01pct_phi80,500,1.2027299618659357,field_r50,4.535172300938859,80.0,40,0.8529825110680977,-0.5114646575285727,0.5114646575285727,0.4362704079013066,0.999450871332767
N500_plus_0.01pct_phi80,500,1.2027299618659357,field_r20,4.535172300938859,80.0,40,0.8529825110680977,-0.49440558971370063,0.49440558971370063,0.42171932140009605,0.9991781339711716
N500_plus_0.01pct_phi80,500,1.2027299618659357,mean_r2_signed_R8,4.535172300938859,80.0,40,0.8529825110680977,0.1243221135839021,-0.06216105679195105,-0.05302229431304504,0.886257403117376
N1000_plus_0.01pct_phi80,1000,1.2027299618659357,rms_signed_R4,4.608771751290245,80.0,40,0.8547768997683485,0.11529997043007159,-0.11529997043007159,-0.09855575126759884,0.8830683116271134
N1000_plus_0.01pct_phi80,1000,1.2027299618659357,rms_signed_R8,4.608771751290245,80.0,40,0.8547768997683485,0.0559180781524069,-0.0559180781524069,-0.04779748148411859,0.7050805707180574
N1000_plus_0.01pct_phi80,1000,1.2027299618659357,rms_signed_R12,4.608771751290245,80.0,40,0.8547768997683485,0.03225602398655956,-0.03225602398655956,-0.027571704182084864,0.48530406038058704
N1000_plus_0.01pct_phi80,1000,1.2027299618659357,rms_absrho_R8,4.608771751290245,80.0,40,0.8547768997683485,-0.5658829404704805,0.5658829404704805,0.4837036654871542,0.9991186012800414
N1000_plus_0.01pct_phi80,1000,1.2027299618659357,rms_positive_rho_R8,4.608771751290245,80.0,40,0.8547768997683485,-0.47774656491043976,0.47774656491043976,0.40836672762912374,0.9914130747166062
N1000_plus_0.01pct_phi80,1000,1.2027299618659357,rms_gradient_R8,4.608771751290245,80.0,40,0.8547768997683485,-0.5136035262142375,0.5136035262142375,0.43901642984749767,0.9988772419359947
N1000_plus_0.01pct_phi80,1000,1.2027299618659357,field_r50,4.608771751290245,80.0,40,0.8547768997683485,-0.5097939673841257,0.5097939673841257,0.43576010696120954,0.9995291996205489
N1000_plus_0.01pct_phi80,1000,1.2027299618659357,field_r20,4.608771751290245,80.0,40,0.8547768997683485,-0.4924163009298114,0.4924163009298114,0.4209060791041823,0.9993499164104388
N1000_plus_0.01pct_phi80,1000,1.2027299618659357,mean_r2_signed_R8,4.608771751290245,80.0,40,0.8547768997683485,0.1118361563048138,-0.0559180781524069,-0.04779748148411859,0.7050805707180574
N250_fixed_A1.202729962,250,1.2027299618659357,rms_signed_R4,4.106109733071948,20.0,40,0.7544428679459978,0.08117401446516273,-0.08117401446516273,-0.06124115627578728,0.9015764814356562
N250_fixed_A1.202729962,250,1.2027299618659357,rms_signed_R8,4.106109733071948,20.0,40,0.7544428679459978,0.03343315647898207,-0.03343315647898207,-0.025223406458490548,0.795365961284741
N250_fixed_A1.202729962,250,1.2027299618659357,rms_signed_R12,4.106109733071948,20.0,40,0.7544428679459978,0.020672704670571838,-0.020672704670571838,-0.015596374599866842,0.7250272282295356
N250_fixed_A1.202729962,250,1.2027299618659357,rms_absrho_R8,4.106109733071948,20.0,40,0.7544428679459978,-0.5285767761359729,0.5285767761359729,0.398780978917673,0.9977637807758952
N250_fixed_A1.202729962,250,1.2027299618659357,rms_positive_rho_R8,4.106109733071948,20.0,40,0.7544428679459978,-0.3945581990600284,0.3945581990600284,0.2976716192704557,0.99037031906261
N250_fixed_A1.202729962,250,1.2027299618659357,rms_gradient_R8,4.106109733071948,20.0,40,0.7544428679459978,-0.538562832902713,0.538562832902713,0.406314888224244,0.9992814370391795
N250_fixed_A1.202729962,250,1.2027299618659357,field_r50,4.106109733071948,20.0,40,0.7544428679459978,-0.5312455954454465,0.5312455954454465,0.40079445061154195,0.9989212432597973
N250_fixed_A1.202729962,250,1.2027299618659357,field_r20,4.106109733071948,20.0,40,0.7544428679459978,-0.5205380482759431,0.5205380482759431,0.39271621801631473,0.99751951393754
N250_fixed_A1.202729962,250,1.2027299618659357,mean_r2_signed_R8,4.106109733071948,20.0,40,0.7544428679459978,0.06686631295796465,-0.033433156478982325,-0.025223406458490742,0.7953659612847416
N1000_fixed_A1.202729962,1000,1.2027299618659357,rms_signed_R4,4.162608750196995,20.0,40,0.7502081559266283,0.07654553707309375,-0.07654553707309375,-0.05742508621201902,0.8789154074414807
N1000_fixed_A1.202729962,1000,1.2027299618659357,rms_signed_R8,4.162608750196995,20.0,40,0.7502081559266283,0.028976744696120094,-0.028976744696120094,-0.021738590203232964,0.7167318327194354
N1000_fixed_A1.202729962,1000,1.2027299618659357,rms_signed_R12,4.162608750196995,20.0,40,0.7502081559266283,0.019442481341367352,-0.019442481341367352,-0.01458590807374508,0.6902734689366976
N1000_fixed_A1.202729962,1000,1.2027299618659357,rms_absrho_R8,4.162608750196995,20.0,40,0.7502081559266283,-0.5352597153558042,0.5352597153558042,0.4015562039988898,0.9979501467546129
N1000_fixed_A1.202729962,1000,1.2027299618659357,rms_positive_rho_R8,4.162608750196995,20.0,40,0.7502081559266283,-0.401526328944375,0.401526328944375,0.3012283267933483,0.9910699914607422
N1000_fixed_A1.202729962,1000,1.2027299618659357,rms_gradient_R8,4.162608750196995,20.0,40,0.7502081559266283,-0.5433236907928989,0.5433236907928989,0.40760586414099026,0.9990905510911137
N1000_fixed_A1.202729962,1000,1.2027299618659357,field_r50,4.162608750196995,20.0,40,0.7502081559266283,-0.5306858123207537,0.5306858123207537,0.3981248246375774,0.9989259257985522
N1000_fixed_A1.202729962,1000,1.2027299618659357,field_r20,4.162608750196995,20.0,40,0.7502081559266283,-0.5163572603679112,0.5163572603679112,0.3873754280999365,0.9977288671687463
N1000_fixed_A1.202729962,1000,1.2027299618659357,mean_r2_signed_R8,4.162608750196995,20.0,40,0.7502081559266283,0.05795348939224019,-0.028976744696120094,-0.021738590203232964,0.7167318327194353
