case,N,amplitude,collapse_level,offset_percent_vs_N500_Acrit,status,event_or_end_time,max_abs_phi_center,max_abs_phi_time,rms_signed_R8_at_end,mean_r2_signed_R8_at_end,steps,numerical_failure
N500_plus_0.01pct,500,1.2027299618659357,20,0.009999999999998899,cutoff20,15.20319561493786,20.0,15.20319561493786,3.0224886564141693,9.13543767815233,12163,False
N500_plus_0.05pct,500,1.203211005746294,20,0.04999999999999449,cutoff20,11.817908177608727,20.0,11.817908177608727,2.8336366598163956,8.02949671985542,9454,False
N500_plus_0.1pct,500,1.2038123105967418,20,0.09999999999998899,cutoff20,11.448554780814746,20.0,11.448554780814746,3.1379920727908583,9.846994248898268,9159,False
N500_plus_0.01pct_phi30,500,1.2027299618659357,30,0.009999999999998899,cutoff30,15.228696048345041,30.0,15.228696048345041,3.1272189771356964,9.779498530957632,12183,False
N500_plus_0.01pct_phi40,500,1.2027299618659357,40,0.009999999999998899,cutoff40,15.241133962129977,40.0,15.241133962129977,3.2072253767811323,10.286294617468876,12193,False
N500_plus_0.01pct_phi60,500,1.2027299618659357,60,0.009999999999998899,cutoff60,15.253359171953141,60.0,15.253359171953141,2.7519099377636866,7.573008305562537,12203,False
N500_plus_0.01pct_phi80,500,1.2027299618659357,80,0.009999999999998899,cutoff80,15.259424062849076,80.0,15.259424062849076,3.3635403911343764,11.313403962792394,12207,False
N1000_plus_0.01pct_phi80,1000,1.2027299618659357,80,0.009999999999998899,cutoff80,15.27161107228459,80.0,15.27161107228459,2.93698668712561,8.625890800353064,22908,False
N250_fixed_A1.202729962,250,1.2027299618659357,20.0,0.009999999999998899,cutoff20,15.158687879771627,20.0,15.158687879771627,3.051480475118089,9.311533090026918,6064,False
N1000_fixed_A1.202729962,1000,1.2027299618659357,20.0,0.009999999999998899,cutoff20,15.215365957089007,20.0,15.215365957089007,3.0193483078911068,9.116464204364888,22823,False
