case,N,amplitude,offset,tc,r2,n,band_low,band_high,gamma,source
N500_plus_0.01pct,500,1.2027299618659357,0.0001,15.671541771757484,0.9969105143548326,40,2.0,4.0,1.0,field_2_4
N500_plus_0.01pct,500,1.2027299618659357,0.0001,15.369289197725951,0.9974622207204971,28,4.0,8.0,1.0,field_4_8
N500_plus_0.01pct,500,1.2027299618659357,0.0001,15.298079933244539,0.9998448078671981,7,8.0,12.0,1.0,field_8_12
N500_plus_0.01pct,500,1.2027299618659357,0.0001,15.284049210484296,0.9998937824121139,7,12.0,20.0,1.0,field_12_20
N500_plus_0.01pct,500,1.2027299618659357,0.0001,15.320950374966781,0.9947234674093817,40,4.0,20.0,1.0,current_last40_rule
N500_plus_0.01pct,500,1.2027299618659357,0.0001,15.264645548854135,0.9999820390073392,20,4.0,20.0,0.8162832253266085,joint_powerlaw_20
N500_plus_0.01pct,500,1.2027299618659357,0.0001,15.255993657171757,0.9998424149646775,40,4.0,20.0,0.7529371859873817,joint_powerlaw_40
N500_plus_0.01pct,500,1.2027299618659357,0.0001,15.255210818260256,0.9998193234790838,42,4.0,20.0,0.7477094879181373,joint_powerlaw_80
N500_plus_0.05pct,500,1.203211005746294,0.0005,12.357058099210702,0.9974573321353223,40,2.0,4.0,1.0,field_2_4
N500_plus_0.05pct,500,1.203211005746294,0.0005,12.01065363020621,0.9964028661512648,31,4.0,8.0,1.0,field_4_8
N500_plus_0.05pct,500,1.203211005746294,0.0005,11.9167237975531,0.9997304450682699,8,8.0,12.0,1.0,field_8_12
N500_plus_0.05pct,500,1.203211005746294,0.0005,11.900269871228941,0.9998789466726867,6,12.0,20.0,1.0,field_12_20
N500_plus_0.05pct,500,1.203211005746294,0.0005,11.945165636409032,0.9933550132524331,40,4.0,20.0,1.0,current_last40_rule
N500_plus_0.05pct,500,1.203211005746294,0.0005,11.877798668689804,0.9999736823894819,20,4.0,20.0,0.7892460845639434,joint_powerlaw_20
N500_plus_0.05pct,500,1.203211005746294,0.0005,11.86842968830647,0.9998009648768561,40,4.0,20.0,0.7230238091782593,joint_powerlaw_40
N500_plus_0.05pct,500,1.203211005746294,0.0005,11.866430138471921,0.9997316859612689,45,4.0,20.0,0.7102390914621177,joint_powerlaw_80
N500_plus_0.1pct,500,1.2038123105967418,0.001,11.879926541108823,0.9967722065146246,40,2.0,4.0,1.0,field_2_4
N500_plus_0.1pct,500,1.2038123105967418,0.001,11.601807843322174,0.9978852444460699,27,4.0,8.0,1.0,field_4_8
N500_plus_0.1pct,500,1.2038123105967418,0.001,11.54010522218399,0.9998686034317351,7,8.0,12.0,1.0,field_8_12
N500_plus_0.1pct,500,1.2038123105967418,0.001,11.528309154868346,0.999919588964809,6,12.0,20.0,1.0,field_12_20
N500_plus_0.1pct,500,1.2038123105967418,0.001,11.564269618726835,0.99533948242486,40,4.0,20.0,1.0,current_last40_rule
N500_plus_0.1pct,500,1.2038123105967418,0.001,11.510234197872123,0.9999819497745328,20,4.0,20.0,0.8269259985689406,joint_powerlaw_20
N500_plus_0.1pct,500,1.2038123105967418,0.001,11.501689931463789,0.9998494786002452,40,4.0,20.0,0.7654271098032954,joint_powerlaw_40
N500_plus_0.1pct,500,1.2038123105967418,0.001,11.501689931463789,0.9998494786002452,40,4.0,20.0,0.7654271098032954,joint_powerlaw_80
N500_plus_0.01pct_phi30,500,1.2027299618659357,0.0001,15.671541771757484,0.9969105143548326,40,2.0,4.0,1.0,field_2_4
N500_plus_0.01pct_phi30,500,1.2027299618659357,0.0001,15.369289197725951,0.9974622207204971,28,4.0,8.0,1.0,field_4_8
N500_plus_0.01pct_phi30,500,1.2027299618659357,0.0001,15.298079933244539,0.9998448078671981,7,8.0,12.0,1.0,field_8_12
N500_plus_0.01pct_phi30,500,1.2027299618659357,0.0001,15.284473773787095,0.9998964862196487,6,12.0,20.0,1.0,field_12_20
N500_plus_0.01pct_phi30,500,1.2027299618659357,0.0001,15.312268569303257,0.9946290536718426,40,4.0,30.0,1.0,current_last40_rule
N500_plus_0.01pct_phi30,500,1.2027299618659357,0.0001,15.269524544476983,0.9999691148966753,20,4.0,30.0,0.8509302288980495,joint_powerlaw_20
N500_plus_0.01pct_phi30,500,1.2027299618659357,0.0001,15.263400960844605,0.9997626812819341,40,4.0,30.0,0.7894316923809107,joint_powerlaw_40
N500_plus_0.01pct_phi30,500,1.2027299618659357,0.0001,15.262291267562793,0.9996940830844067,44,4.0,30.0,0.7792923205634483,joint_powerlaw_80
N500_plus_0.01pct_phi40,500,1.2027299618659357,0.0001,15.671541771757484,0.9969105143548326,40,2.0,4.0,1.0,field_2_4
N500_plus_0.01pct_phi40,500,1.2027299618659357,0.0001,15.369289197725951,0.9974622207204971,28,4.0,8.0,1.0,field_4_8
N500_plus_0.01pct_phi40,500,1.2027299618659357,0.0001,15.298079933244539,0.9998448078671981,7,8.0,12.0,1.0,field_8_12
N500_plus_0.01pct_phi40,500,1.2027299618659357,0.0001,15.284473773787095,0.9998964862196487,6,12.0,20.0,1.0,field_12_20
N500_plus_0.01pct_phi40,500,1.2027299618659357,0.0001,15.304988791335486,0.9947369402086587,40,4.0,40.0,1.0,current_last40_rule
N500_plus_0.01pct_phi40,500,1.2027299618659357,0.0001,15.272188806963918,0.9999693451879083,20,4.0,40.0,0.8754248399314679,joint_powerlaw_20
N500_plus_0.01pct_phi40,500,1.2027299618659357,0.0001,15.267764599663224,0.9997443609416398,40,4.0,40.0,0.8164660295208571,joint_powerlaw_40
N500_plus_0.01pct_phi40,500,1.2027299618659357,0.0001,15.266559037355542,0.999625990009162,46,4.0,40.0,0.8018309315996014,joint_powerlaw_80
N500_plus_0.01pct_phi60,500,1.2027299618659357,0.0001,15.671541771757484,0.9969105143548326,40,2.0,4.0,1.0,field_2_4
N500_plus_0.01pct_phi60,500,1.2027299618659357,0.0001,15.369289197725951,0.9974622207204971,28,4.0,8.0,1.0,field_4_8
N500_plus_0.01pct_phi60,500,1.2027299618659357,0.0001,15.298079933244539,0.9998448078671981,7,8.0,12.0,1.0,field_8_12
N500_plus_0.01pct_phi60,500,1.2027299618659357,0.0001,15.284473773787095,0.9998964862196487,6,12.0,20.0,1.0,field_12_20
N500_plus_0.01pct_phi60,500,1.2027299618659357,0.0001,15.301386115121616,0.9947173459125688,40,4.0,60.0,1.0,current_last40_rule
N500_plus_0.01pct_phi60,500,1.2027299618659357,0.0001,15.273996941657177,0.9999591535026202,20,4.0,60.0,0.8953175940391619,joint_powerlaw_20
N500_plus_0.01pct_phi60,500,1.2027299618659357,0.0001,15.270938120490294,0.9996774257024066,40,4.0,60.0,0.8398938597809457,joint_powerlaw_40
N500_plus_0.01pct_phi60,500,1.2027299618659357,0.0001,15.269960802910171,0.999504504519482,47,4.0,60.0,0.8236508230785751,joint_powerlaw_80
N500_plus_0.01pct_phi80,500,1.2027299618659357,0.0001,15.671541771757484,0.9969105143548326,40,2.0,4.0,1.0,field_2_4
N500_plus_0.01pct_phi80,500,1.2027299618659357,0.0001,15.369289197725951,0.9974622207204971,28,4.0,8.0,1.0,field_4_8
N500_plus_0.01pct_phi80,500,1.2027299618659357,0.0001,15.298079933244539,0.9998448078671981,7,8.0,12.0,1.0,field_8_12
N500_plus_0.01pct_phi80,500,1.2027299618659357,0.0001,15.284473773787095,0.9998964862196487,6,12.0,20.0,1.0,field_12_20
N500_plus_0.01pct_phi80,500,1.2027299618659357,0.0001,15.301144057350385,0.9946343468834236,40,4.0,80.0,1.0,current_last40_rule
N500_plus_0.01pct_phi80,500,1.2027299618659357,0.0001,15.274857911309667,0.9999364267139648,20,4.0,80.0,0.9059732452566006,joint_powerlaw_20
N500_plus_0.01pct_phi80,500,1.2027299618659357,0.0001,15.272486298259057,0.9995670780008564,40,4.0,80.0,0.8529825110680977,joint_powerlaw_40
N500_plus_0.01pct_phi80,500,1.2027299618659357,0.0001,15.271729153052808,0.9993491182215183,47,4.0,80.0,0.8373268250918118,joint_powerlaw_80
N1000_plus_0.01pct_phi80,1000,1.2027299618659357,0.0001,15.687779705617219,0.9969359893148398,40,2.0,4.0,1.0,field_2_4
N1000_plus_0.01pct_phi80,1000,1.2027299618659357,0.0001,15.383482903983982,0.9974438910658491,28,4.0,8.0,1.0,field_4_8
N1000_plus_0.01pct_phi80,1000,1.2027299618659357,0.0001,15.309575240187483,0.9997906422958197,8,8.0,12.0,1.0,field_8_12
N1000_plus_0.01pct_phi80,1000,1.2027299618659357,0.0001,15.311198213623637,0.9946846803310037,40,4.0,80.0,1.0,current_last40_rule
N1000_plus_0.01pct_phi80,1000,1.2027299618659357,0.0001,15.287159562731468,0.9999538581591206,20,4.0,80.0,0.9078904012067025,joint_powerlaw_20
N1000_plus_0.01pct_phi80,1000,1.2027299618659357,0.0001,15.284881288350086,0.9996408211494676,40,4.0,80.0,0.8547768997683485,joint_powerlaw_40
N1000_plus_0.01pct_phi80,1000,1.2027299618659357,0.0001,15.284049456872959,0.9994185043308542,48,4.0,80.0,0.8368721059455949,joint_powerlaw_80
N250_fixed_A1.202729962,250,1.2027299618659357,0.0001,15.61648550879332,0.9968381993567624,40,2.0,4.0,1.0,field_2_4
N250_fixed_A1.202729962,250,1.2027299618659357,0.0001,15.319689407881638,0.9975351045131339,28,4.0,8.0,1.0,field_4_8
N250_fixed_A1.202729962,250,1.2027299618659357,0.0001,15.25171413991589,0.999852650247216,7,8.0,12.0,1.0,field_8_12
N250_fixed_A1.202729962,250,1.2027299618659357,0.0001,15.239081279476531,0.9999073336297873,6,12.0,20.0,1.0,field_12_20
N250_fixed_A1.202729962,250,1.2027299618659357,0.0001,15.277326706319664,0.9948627090845342,40,4.0,20.0,1.0,current_last40_rule
N250_fixed_A1.202729962,250,1.2027299618659357,0.0001,15.219885673558863,0.9999799734260918,20,4.0,20.0,0.817338637117418,joint_powerlaw_20
N250_fixed_A1.202729962,250,1.2027299618659357,0.0001,15.211100213574838,0.9998363962032377,40,4.0,20.0,0.7544428679459978,joint_powerlaw_40
N250_fixed_A1.202729962,250,1.2027299618659357,0.0001,15.210698910199795,0.9998248477868728,41,4.0,20.0,0.7518170222226377,joint_powerlaw_80
N1000_fixed_A1.202729962,1000,1.2027299618659357,0.0001,15.687779705617219,0.9969359893148398,40,2.0,4.0,1.0,field_2_4
N1000_fixed_A1.202729962,1000,1.2027299618659357,0.0001,15.383482903983982,0.9974438910658491,28,4.0,8.0,1.0,field_4_8
N1000_fixed_A1.202729962,1000,1.2027299618659357,0.0001,15.309575240187483,0.9997906422958197,8,8.0,12.0,1.0,field_8_12
N1000_fixed_A1.202729962,1000,1.2027299618659357,0.0001,15.295876604975286,0.9999216172096324,6,12.0,20.0,1.0,field_12_20
N1000_fixed_A1.202729962,1000,1.2027299618659357,0.0001,15.334326570271624,0.9946361122491346,40,4.0,20.0,1.0,current_last40_rule
N1000_fixed_A1.202729962,1000,1.2027299618659357,0.0001,15.27656939366318,0.9999806296481173,20,4.0,20.0,0.8138058705003218,joint_powerlaw_20
N1000_fixed_A1.202729962,1000,1.2027299618659357,0.0001,15.267782184082453,0.9998370514762825,40,4.0,20.0,0.7502081559266283,joint_powerlaw_40
N1000_fixed_A1.202729962,1000,1.2027299618659357,0.0001,15.266989608096255,0.9998135358137733,42,4.0,20.0,0.7449776217344665,joint_powerlaw_80
