time,phi_center,central_rms_100,mean_r2
4564.456445644565,0.5429385514775785,0.663865904145086,9.425222139353558
4565.156515651565,-0.28475853143233754,0.6654506987897544,9.207044979719523
4565.8565856585665,-0.6018766268392194,0.6650383881615005,9.62119207044493
4566.556655665567,0.20595214375538648,0.6623427765666703,9.075396463531577
4567.256725672568,0.8449963888240577,0.6577455929043925,10.414542794369119
4567.956795679568,1.0381755852617711,0.6556477973885506,11.584936853869873
4568.656865686569,0.8593127742728847,0.6590709604802854,10.686893082831437
4569.3569356935695,0.27730367101283865,0.6608196323023684,9.280864867083244
4570.057005700571,-0.5413092944573843,0.6621351047655352,9.740418352463763
4570.757075707571,-0.3713203799251618,0.6602987307281809,9.553646908389288
4571.457145714572,0.47503941319016274,0.6569412531298119,9.569615471363827
4572.157215721572,0.9430718468875208,0.6520460950328653,11.21585650931941
4572.857285728573,0.9992939258659986,0.6524088813969315,11.697027077361176
4573.557355735574,0.6873848128896088,0.6560577960654217,10.292086461012659
4574.257425742574,-0.03581168195063163,0.6570010250390231,9.477428228292753
4574.957495749575,-0.6442505681316165,0.6572576264410209,10.158444244655266
4575.657565756575,-0.0577323090370798,0.6547988173438273,9.547031143518005
4576.357635763577,0.6839598531456798,0.6499786118238511,10.343957560610004
4577.057705770577,0.988320664496667,0.6463555170910446,11.864816167744387
4577.757775777578,0.9123333547548095,0.6489503678558916,11.541569680223603
4578.457845784578,0.45522516034586336,0.6513766935304333,9.995265754994378
4579.157915791579,-0.35087391744972096,0.6521908913748854,9.987492005023554
4579.85798579858,-0.5396044200169379,0.6511582654596786,10.27730091925313
4580.558055805581,0.25372545062526863,0.648036181533777,9.82418940339152
4581.258125812581,0.8299387158516415,0.6423060504290672,11.241938371193699
4581.958195819582,0.98316698615248,0.640983651130751,12.234930905275423
4582.6582658265825,0.7724729088860978,0.6447888633339316,11.189245003449914
4583.358335833584,0.162690146538925,0.6455697489563657,9.970484690136207
4584.058405840584,-0.5745803844622768,0.6460538283404085,10.573425811516257
4584.758475847585,-0.27254508797307714,0.6442930907259649,10.213155908689377
4585.458545854585,0.5147525210001908,0.639568132203625,10.450440444872164
4586.158615861586,0.916047689108152,0.6345189805519977,12.066323679486132
4586.858685868587,0.9274323139247574,0.6356987522509476,12.266033417183328
4587.558755875588,0.5722854572282057,0.6391603520177751,10.793820160209417
4588.258825882588,-0.16610803404610613,0.6390706412767904,10.313843882824948
4588.958895889589,-0.6045839918767645,0.6388482996829681,10.904186469323728
4589.6589658965895,0.05370568155355008,0.6364357968099421,10.276627402657654
4590.359035903591,0.7090047315822923,0.6302598268119486,11.319305955587597
4591.059105910591,0.9457657181734344,0.6271937914224509,12.63550743741813
4591.759175917592,0.8175410686816375,0.6303374940250465,11.991056238756052
4592.459245924592,0.30643503516288456,0.6320552282997678,10.568097125137188
4593.1593159315935,-0.45828482286965794,0.631897798919976,10.90338594728208
4593.859385938594,-0.4206776626504293,0.6311844385418898,10.88753356542606
4594.559455945595,0.35509540373620907,0.6271064893968468,10.68997205092802
4595.259525952595,0.8359158916384826,0.6210047869811635,12.219636918372373
4595.959595959596,0.9204813607797538,0.620452287683382,12.834158911465138
4596.659665966597,0.6466322425491988,0.6243724149678918,11.548723426513888
4597.359735973598,-0.014456145319299379,0.6240881473659877,10.69906922450124
4598.059805980598,-0.5977546233272802,0.624048433433838,11.381685258245453
4598.759875987599,-0.11037191560445325,0.6228520666229965,10.801064546681676
4599.459945994599,0.5925332335291704,0.6168668312082053,11.443648522934504
4600.1600160016005,0.8994370888302686,0.6123472548935518,12.922864059659155
4600.860086008601,0.8383010114857951,0.6141486021597962,12.651494517024915
4601.560156015602,0.4074764833732571,0.6172203316709539,11.16817602805924
4602.260226022602,-0.3378763307419798,0.6159928252450733,11.187349906495045
4602.960296029603,-0.5080705510573127,0.6161602780371735,11.466689364349998
4603.660366036604,0.21452082579771906,0.6133590963962307,10.997463620318333
4604.360436043605,0.7571268323967439,0.6068438950378937,12.342024957639714
4605.060506050605,0.902653959842208,0.6046912594883769,13.258877045708235
4605.760576057606,0.6936447358319819,0.6080941141085623,12.201145858048418
4606.460646064606,0.10289095497814404,0.608951443461648,11.096573846609516
4607.160716071608,-0.5538163681055223,0.6080797059457871,11.727997385124587
4607.860786078608,-0.23634599384515886,0.6082620587197102,11.306339044228093
4608.560856085609,0.48678494924152343,0.6031942929313966,11.593531237691098
4609.260926092609,0.8517200413355498,0.5978046088613626,13.122564989965365
4609.96099609961,0.8455096603205958,0.5981207900615234,13.169474038852687
4610.661066106611,0.4790259975359681,0.6018014992544273,11.71254638831749
4611.361136113612,-0.23043331217969137,0.6004416028984589,11.43842503177559
4612.061206120612,-0.551019178958327,0.6006446170215861,11.919920036734906
4612.761276127613,0.09568586232791602,0.5995071710508769,11.317572722526892
4613.461346134613,0.6842495257801389,0.5933060505433551,12.438887372579464
4614.161416141615,0.880707311752193,0.590032936985438,13.564520914624605
4614.861486148615,0.7240234019180953,0.5923841528025758,12.736294310121888
4615.561556155616,0.1929674554230738,0.5946620633107331,11.469144960746428
4616.261626162616,-0.4957365300178629,0.5927015748557815,11.97435640026554
4616.961696169617,-0.32937403774738205,0.5938105988351862,11.745040398975792
4617.661766176618,0.3936781237554126,0.5901943478449642,11.746048594880685
4618.361836183619,0.8064528905351239,0.584598374416052,13.253706242106036
4619.061906190619,0.8458165261354051,0.5837347983759297,13.561859961027405
4619.76197619762,0.5312694471295969,0.5871695000439171,12.177875995756205
4620.4620462046205,-0.13924024576765393,0.5868812969001994,11.655800218254184
4621.162116211622,-0.5654456402320442,0.5862100036495277,12.25351109976163
4621.862186218622,-0.0029936610856837794,0.586638805961113,11.614611858075559
4622.562256225623,0.6188027599922808,0.5813140549918071,12.509714708400027
4623.262326232623,0.8583217039660528,0.5774949816114235,13.774221065941543
4623.9623962396245,0.7446805479083691,0.5788202128637259,13.160539026125276
4624.662466246625,0.2634662489690387,0.5818554702765057,11.796436084858911
4625.362536253626,-0.43512636499053403,0.5796638438403505,12.144782706154796
4626.062606260626,-0.39699096799591826,0.5808462301371806,12.100906558658593
4626.762676267627,0.3125410208666641,0.5788429968121045,11.883864839637155
4627.4627462746275,0.7651316847046702,0.5735576500727095,13.328772344490853
4628.162816281629,0.8430888463315834,0.5719715519728504,13.84912288458313
4628.862886288629,0.5712766386232045,0.5748189322339401,12.560804237457306
4629.56295629563,-0.062225973229047216,0.5758239463904599,11.836002072457019
4630.26302630263,-0.5628424396593426,0.574113976319821,12.485040701709574
4630.9630963096315,-0.08499350468356784,0.5755978555509874,11.870134179488192
4631.663166316632,0.5605374356302222,0.5714142331255858,12.552200310443002
4632.363236323633,0.8372246370211885,0.5675027781804154,13.906032579132319
4633.063306330633,0.7599017482635547,0.5680915589972676,13.487653005836831
4633.763376337634,0.3206487683818711,0.5712850160797333,12.071012003646784
4634.463446344635,-0.37650829068591996,0.5697554680433329,12.254523020430502
4635.163516351636,-0.4462020658326818,0.5703087153008809,12.374065875647988
4635.863586358636,0.24144445417749205,0.569753072680184,11.996175419600192
4636.563656365637,0.727926344676431,0.5650491254420391,13.355295268495052
4637.263726372637,0.8394638706441995,0.5631282231456161,14.049381670769538
4637.963796379639,0.6037712189570027,0.5654333099416522,12.867130177045361
4638.663866386639,0.004071896702380788,0.5673604899782143,11.977104815100079
4639.36393639364,-0.550258058820171,0.5651105250067013,12.631683876836824
4640.06400640064,-0.1542133580919616,0.5670178330756093,12.077031553451686
4640.764076407641,0.5083107370644422,0.5639913971880316,12.563973866887112
4641.464146414642,0.8180554650990217,0.5602399634394023,13.972591542578204
4642.164216421643,0.7723592144111219,0.5603973132824513,13.732045450799617
4642.864286428643,0.3692199564425707,0.5635125869694283,12.292884011313687
4643.564356435644,-0.320778915900162,0.5629583971463895,12.312702353106864
4644.264426442644,-0.48249603322853657,0.5626352251095328,12.570926131849731
4644.964496449646,0.17795045793725306,0.5632102252610209,12.07718144321068
4645.664566456646,0.6943049590438998,0.5591527464724918,13.337236620776482
4646.364636463647,0.8360975960058995,0.5571338261304878,14.176497190170249
4647.064706470647,0.6319736305471955,0.5590765685847114,13.10557925446979
4647.764776477648,0.06310564161363351,0.5615790851819158,12.079063967738554
4648.464846484649,-0.5314829742951273,0.5593609728549465,12.706418090819662
4649.16491649165,-0.2142907636385425,0.5611811663392197,12.234213194643647
4649.86498649865,0.460549157164333,0.5592089661696755,12.542854133824969
4650.56505650565,0.8008509193577958,0.5556958221015541,13.981665233325764
4651.2651265126515,0.783755936902736,0.5556395086767699,13.905835296750737
4651.965196519652,0.4126818789322237,0.5586763909601402,12.465405118384247
4652.665266526653,-0.26712525392739384,0.5590606006105122,12.324460479832094
4653.365336533653,-0.509725518149412,0.557956885832559,12.698566245779478
4654.065406540654,0.11952391514535815,0.559343296302714,12.124055839010937
4654.7654765476545,0.663363603601485,0.5558883508168693,13.27571030061535
4655.465546554656,0.8335532103303209,0.5538654712295392,14.239703123197367
4656.165616561656,0.6581333291249233,0.5556219209168552,13.284586213164012
4656.865686568657,0.1179700094164792,0.5585424631391129,12.142868779036371
4657.565756575657,-0.5080937234163624,0.5567271238756124,12.717349497977223
4658.2658265826585,-0.26834484778809853,0.5581277588572647,12.342866207581162
4658.965896589659,0.4154583356094744,0.5571025402699116,12.486503121171193
4659.66596659666,0.7852750800436182,0.5537944350060762,13.936714132079851
4660.36603660366,0.7951966586712724,0.5536378277829803,14.017733816431258
4661.066106610661,0.4537466358408645,0.5566883100541431,12.592802548432807
4661.766176617662,-0.21388041109704536,0.5579248228442201,12.292197776135861
4662.466246624663,-0.5303242635917,0.5562646898129564,12.761994559746178
4663.166316631663,0.06361964118558097,0.5581911100838017,12.135322134166245
4663.866386638664,0.6339654185401223,0.5552758224368798,13.169328322072607
4664.566456645664,0.8320691743643513,0.5532346123804992,14.243765130005654
4665.266526652666,0.6839278348488042,0.5549263269256218,13.410860574519878
4665.966596659666,0.17140086697069293,0.5582514507427854,12.169832586100961
4666.666666666667,-0.4801934612444412,0.5570614273679846,12.66810758144065
4667.366736673667,-0.3189696716346901,0.5578293002004476,12.404257913136503
4668.066806680668,0.3710942994760165,0.5577029609978401,12.392132363670092
4668.766876687669,0.7708043691737788,0.5545132763885715,13.837364842478577
4669.46694669467,0.8074660484223403,0.5542730770052892,14.072817855095309
4670.16701670167,0.4946003827286858,0.5574392981740727,12.67903916120962
4670.867086708671,-0.15895911921948175,0.5595120762031124,12.216467894185138
4671.567156715671,-0.5455089772169576,0.5575532445113086,12.763021523714842
4672.267226722673,0.007693895092169316,0.5597541566797967,12.10998037032528
4672.967296729673,0.6047568732881501,0.5573704841906705,13.014485994236848
4673.667366736674,0.8316423153875979,0.5552159866419517,14.189291868046299
4674.367436743674,0.7106787255358504,0.5568909674301039,13.48891478021049
4675.067506750675,0.22591069993220947,0.5606778188448653,12.161404989290833
4675.767576757676,-0.4467141170432897,0.5603049549574844,12.558597988890218
4676.467646764677,-0.3682305820198318,0.5602967305088357,12.41856615580964
4677.167716771677,0.3252507412107876,0.5610811812907683,12.256529155852542
4677.867786778678,0.7566586736623166,0.5579240252723676,13.679785564845837
4678.5678567856785,0.8210814787485731,0.5575239346808207,14.072569986573152
4679.26792679268,0.5371028547579517,0.560870188268012,12.727433244588642
4679.96799679968,-0.09991762346661616,0.5638377812654786,12.096870327211056
4680.668066806681,-0.5552831674937905,0.5618952567743006,12.699789920892217
4681.368136813681,-0.05088325937974193,0.564018808127417,12.047199215610751
4682.0682068206825,0.5740885770423394,0.5622809465083934,12.805721269060816
4682.768276827683,0.832061599913848,0.5598606623503335,14.072930088111852
4683.468346834684,0.7394462532322419,0.561474021969975,13.520919636821594
4684.168416841684,0.2838452343106406,0.5657846839495991,12.11940508238946
4684.868486848685,-0.4055567416870055,0.5664542003232249,12.385874682155482
4685.5685568556855,-0.41759356839987793,0.565640892296498,12.384092519863698
4686.268626862687,0.27532211412379165,0.5673109982349889,12.076430697716264
4686.968696869687,0.7417767569682773,0.5641756296268273,13.456931304465606
4687.668766876688,0.8363704094484194,0.5634403915834936,14.014794225673809
4688.368836883688,0.5829020803784226,0.5669490601831296,12.74060688292869
4689.0689068906895,-0.03398421387869238,0.5708964515459114,11.933098382412469
4689.76897689769,-0.5582711798272795,0.5693966114627053,12.566417308172298
4690.469046904691,-0.11493110685931157,0.5709604982590599,11.946296293961286
4691.169116911691,0.5397899867689325,0.5701429597180993,12.536183080353693
4691.869186918692,0.8328198419976227,0.5672879762027856,13.887258956035582
4692.569256925693,0.7710943282257333,0.5686705848368867,13.50644811894693
4693.269326932694,0.34749549185317297,0.5735028105036221,12.04651515949018
4693.969396939694,-0.3534854466614451,0.5754569532776929,12.145224206546267
4694.669466946695,-0.46761673654851393,0.5740682716703601,12.296316674565105
4695.369536953695,0.21803332984604298,0.5763256814339459,11.84926580582914
4696.069606960697,0.7245741790081812,0.5734001433965115,13.158716324357314
4696.769676967697,0.8533639845349901,0.5720583444605201,13.893182896259106
4697.469746974698,0.6334403448783958,0.5755740967123505,12.720440698111753
4698.169816981698,0.04194689921817532,0.5805291321884858,11.726419215171708
4698.869886988699,-0.5512216072888417,0.5799930906770383,12.352726577924916
4699.5699569957,-0.1873980435013549,0.5805738881260486,11.806830922354838
4700.270027002701,0.49888039974749304,0.5809858757377544,12.19859159967558
4700.970097009701,0.8329460983545457,0.5776230353580865,13.620528886285623
4701.670167016702,0.8061982963633807,0.5784523326568084,13.44197770251823
4702.370237023702,0.41901205032239286,0.5836580667007845,11.947115870261614
4703.070307030704,-0.2860689772553075,0.5870608185444778,11.83216625061947
4703.770377037704,-0.5172344039485275,0.5856854448873791,12.146574981397201
4704.470447044705,0.1491737591410895,0.5877572695244744,11.574698372372568
4705.170517051705,0.7026832192795004,0.5855536619691949,12.772671014270761
4705.870587058706,0.8716739789157403,0.5833038268386417,13.696689597524978
4706.570657065707,0.6898575350453046,0.5864788313201376,12.668010317294861
4707.270727072708,0.1311328245409437,0.5923072004189539,11.482126105263813
4707.970797079708,-0.5283508377984577,0.5931993946946542,12.044808589346928
4708.670867086709,-0.2710347687185116,0.5928849503895631,11.628691914599463
4709.3709370937095,0.4471097829500656,0.5943722289767499,11.787468814282558
4710.071007100711,0.8307140453966277,0.5907532106625452,13.256739682355263
4710.771077107711,0.8448734962860934,0.5905797249477206,13.320159256945802
4711.471147114712,0.5001868519072338,0.5957901110352412,11.8284759392844
4712.171217121712,-0.19777419779585365,0.6005922019901977,11.446505617905013
4712.871287128713,-0.5622845801945804,0.5999945009778104,11.92030219888033
4713.571357135714,0.06331263097311099,0.6010572117402839,11.257394582284384
4714.271427142715,0.672368121218604,0.6002161959488359,12.286002937925876
4714.971497149715,0.8901072067867183,0.5969409239080916,13.408982368309664
4715.671567156716,0.7526914058583234,0.5992365841966358,12.583271088186809
4716.3716371637165,0.2365548280739837,0.6055541314370008,11.213279269167886
4717.071707170718,-0.4805296471245638,0.6080588928531576,11.62808402238762
4717.771777177718,-0.3671902706550367,0.6076066518364712,11.41145704272957
4718.471847184719,0.37822843040805254,0.6091155723892862,11.303801931913691
4719.171917191719,0.8229947962959123,0.606004590234843,12.776954628161802
4719.8719871987205,0.886339000070436,0.6044271135025753,13.128797151874714
4720.572057205721,0.5919969091223868,0.6090486498797614,11.701898842755995
4721.272127212722,-0.08260950258341519,0.614898749573741,10.999780571887053
4721.972197219722,-0.5930089477433107,0.6155940890102178,11.595375271490994
4722.672267226723,-0.04613003015874616,0.6157262624359443,10.911023552550082
4723.372337233724,0.6276431132787461,0.616134272692087,11.690731829439942
4724.072407240725,0.9060482775891089,0.6122380717549994,13.008654849568906
4724.772477247725,0.821340390264489,0.6130783480976328,12.463990786352397
4725.472547254726,0.3599509303556683,0.6192586060835836,10.945259310924419
4726.172617261726,-0.3953275772505317,0.6231642711448462,11.096169577741334
4726.8726872687275,-0.4727304689028489,0.6234168551060429,11.15125144103761
4727.572757275728,0.28324108056260106,0.6239212189712952,10.76345228965135
4728.272827282728,0.804351123158958,0.6221413168780698,12.163681770115343
4728.972897289729,0.9281834610073744,0.6191478637240873,12.849767681713313
4729.672967296729,0.6936567360514767,0.6225110235132013,11.582490958200756
4730.373037303731,0.06390900032109864,0.6287974779484695,10.526427716746332
4731.073107310731,-0.5908703680914502,0.6307978025399712,11.14379751818573
4731.773177317732,-0.18520453904802225,0.6309057973333069,10.561448759117402
4732.473247324732,0.5590806470405795,0.6313164766755778,10.994384213523142
4733.173317331733,0.9144147140566873,0.6277562974463661,12.471946473682468
4733.873387338734,0.8931325213384145,0.6268381838643223,12.303278229964503
4734.573457345735,0.5001599708428904,0.6321754582191842,10.718548713636114
4735.273527352735,-0.2596732058904488,0.6369696495037658,10.46996801705795
4735.973597359736,-0.5734743488164171,0.6382391419975146,10.832921536638727
4736.6736673667365,0.15021986824647307,0.637966857231675,10.209345180273086
4737.373737373738,0.765599845830999,0.6372930490601044,11.41173534778649
4738.073807380738,0.9652465214821614,0.6334867486472197,12.459207101621192
4738.773877387739,0.8014388069611842,0.6351265315836894,11.485306865128823
4739.473947394739,0.24128229445762026,0.6411639598417808,10.09494028091882
4740.1740174017405,-0.5280212570326048,0.6440967045864482,10.546703936364839
4740.874087408741,-0.3535189802399066,0.6448878738389884,10.242372676886216
4741.574157415742,0.45259715443440895,0.6444126654982533,10.23884537128943
4742.274227422742,0.9061636554484098,0.6419198980961147,11.781895710511531
4742.974297429743,0.9620678970746585,0.6394532477517477,12.086018284926146
4743.6743674367435,0.6511276418331112,0.6434107239844348,10.584125678256257
4744.374437443745,-0.06729051406447485,0.6485095933832905,9.826385540522644
4745.074507450745,-0.6348421638047406,0.6505817264485496,10.421472244928129
4745.774577457746,-0.032700880886541814,0.6503863850753057,9.721324641553082
4746.474647464746,0.6922945672718589,0.6496996614440355,10.55016160026301
4747.1747174717475,0.9881122563913346,0.6459748824379342,11.932951989145971
4747.874787478748,0.9072830161544144,0.6458305079512455,11.41595961972863
4748.574857485749,0.4399040299980377,0.6510838958906565,9.806548815008131
4749.274927492749,-0.3772403770808231,0.6544837641499517,9.837935980265778
4749.97499749975,-0.5296583082320034,0.6560584665250003,9.971057919192674
4750.675067506751,0.29017785628494036,0.6549778766205139,9.524327734245569
4751.375137513752,0.8668170420242388,0.6533067857984642,10.94995532141245
4752.075207520752,1.0175482887001654,0.6499019378416876,11.787826336708065
4752.775277527753,0.8006373193597129,0.6522612119381166,10.584760704782804
4753.475347534753,0.17078116551664463,0.6572178974128164,9.31537154376297
4754.1754175417545,-0.6016169233830444,0.6596791473314767,9.880245853733625
4754.875487548755,-0.265183640929722,0.6600739493411125,9.401445170735993
4755.575557555756,0.5645871188744753,0.6587491189479332,9.675115277550605
4756.275627562756,0.9819627283840288,0.6556133240207771,11.264471676068613
4756.975697569757,0.9981904301168463,0.6539690395056132,11.358646688069573
4757.675767576758,0.6398520501523353,0.6581525629414454,9.76330730308762
4758.375837583759,-0.13666030681105343,0.6616859791264375,9.164974212263974
4759.075907590759,-0.652006503355755,0.6637765674968922,9.708114392203143
4759.77597759776,0.05771728882770386,0.662722813497687,9.015042772412233
4760.47604760476,0.7765504995596825,0.6611395999093578,10.052131174098468
4761.176117611762,1.0439504914168254,0.6574089001289425,11.38553316202635
4761.876187618762,0.9312890937137128,0.6582159959976781,10.724615873043643
4762.576257625763,0.42264427666233484,0.6627889405585909,9.11960327417281
4763.276327632763,-0.4319357034140077,0.6652876500911102,9.258828890094358
4763.976397639764,-0.5073861403189537,0.6663424565225009,9.301447561738595
4764.676467646765,0.362813907081711,0.6645284107750487,8.971812598663833
4765.376537653766,0.9275978349306356,0.6618834103864678,10.499626192122866
4766.076607660766,1.0572593534645156,0.6591355616581852,11.274816874570543
4766.776677667767,0.8156462126978381,0.6621519608574818,10.006612390586648
4767.4767476747675,0.15206575845252943,0.6656942636195761,8.779257771653977
4768.176817681769,-0.6326531392361217,0.6679325539681538,9.38001498999588
4768.876887688769,-0.23144831888182069,0.6673118936594289,8.872598152020764
4769.57695769577,0.6155917778841513,0.665389327681061,9.259372347589556
4770.27702770277,1.023030321841928,0.6616522260873712,10.887496514404805
4770.977097709771,1.0242942191980882,0.6610574159280915,10.95075587337887
4771.677167716772,0.6480218378966541,0.6651400512403919,9.344959583154424
4772.377237723773,-0.152748602517919,0.667510430563758,8.781498835063312
4773.077307730773,-0.6615167069185863,0.6690568280664289,9.331860101730967
4773.777377737774,0.08504714675328447,0.6671566822065921,8.666406736535908
4774.4774477447745,0.8076494784909654,0.6646568377812857,9.770109159657848
4775.177517751776,1.067776459562453,0.6611131378712908,11.128574497944966
4775.877587758776,0.9452297246918776,0.6629255328252548,10.473323985262912
4776.577657765777,0.4249937135607656,0.6665148507583784,8.879514126148718
4777.277727772777,-0.4424376755427085,0.6685616671792706,9.039044189176755
4777.9777977797785,-0.5053484305527836,0.6685319666011204,9.101329526499683
4778.677867786779,0.37792040158079965,0.6662710602601958,8.805022126103925
4779.37793779378,0.941080645907963,0.6625628153540467,10.369346724064474
4780.07800780078,1.0652997494425167,0.660690365609962,11.177081561860927
4780.778077807781,0.817705394645708,0.6641821482928314,9.933931034601745
4781.478147814782,0.14857293520811332,0.6664973110254674,8.723265882698307
4782.178217821783,-0.6353773728981182,0.6682397302235197,9.345389548834486
4782.878287828783,-0.22655124905069912,0.6666172606590843,8.867559842712549
4783.578357835784,0.6181138633493738,0.6640256408120493,9.273431680683688
4784.278427842784,1.0205319162660615,0.6598460446441106,10.929127363020998
4784.9784978497855,1.0171348297913996,0.6603791097679133,11.025106046445547
4785.678567856786,0.637089091700331,0.6640836902663182,9.450022155807485
4786.378637863787,-0.16158895054349567,0.6657217878506477,8.916619177063078
4787.078707870787,-0.6537244366995691,0.66626753882351,9.489379431838838
4787.778777877788,0.0884805016766266,0.6639106730488176,8.849696847282337
4788.478847884789,0.7982798030298638,0.6601586468071831,9.968295315095435
4789.17891789179,1.0502586265361116,0.6570633535241917,11.342242741293532
4789.87898789879,0.9223245301309536,0.6597580189410104,10.704548914806434
4790.579057905791,0.3987997860870631,0.6623239808262203,9.156042063791547
4791.279127912791,-0.4513968087004505,0.6638561059170065,9.366466173262433
4791.979197919793,-0.4848251251525539,0.6627852077089766,9.430108148863422
4792.679267926793,0.37763266924611666,0.6600956987506187,9.168547155537624
4793.379337933794,0.92019038399688,0.6553520286368119,10.744194731401153
4794.079407940794,1.0329281562603767,0.6544686062962818,11.532859183551892
4794.779477947795,0.7769206481631115,0.6581932224095429,10.293655671077918
4795.479547954796,0.10581837547499869,0.6595073904772336,9.17367161716835
4796.179617961797,-0.6303470218354045,0.6604133191423706,9.83327549206568
4796.879687968797,-0.19518606126275934,0.658315636416383,9.341975012735244
4797.579757975798,0.6120266625562647,0.6545142153065294,9.810655077023416
4798.279827982798,0.9879505828125223,0.6502225621538762,11.446017190003241
4798.9798979898,0.9688073395511054,0.6517768077836001,11.471051133067432
4799.6799679968,0.5746556564171601,0.6549453257773936,9.920597329085458
4800.380038003801,-0.21516181396164163,0.6558446781029723,9.541750775057855
4801.080108010801,-0.6173845369042975,0.6554644806643697,10.0697312979275
4801.780178017802,0.12422621296586558,0.6529062471854585,9.464902353844899
4802.480248024803,0.7841491873905001,0.647699938046264,10.656851392384409
4803.180318031804,1.0049886264501127,0.6452630948510824,11.936625620338189
4803.880388038804,0.8549999128990038,0.6485965513892586,11.189830421343414
4804.580458045805,0.3110654246475602,0.6501589394379668,9.748794190715692
4805.2805280528055,-0.4938741663939991,0.6509073861457675,10.122904791840805
4805.980598059806,-0.4128327275309857,0.6494544065684337,10.053326131829749
4806.680668066807,0.4098509490275869,0.6457867163604375,9.931733346568091
4807.380738073807,0.8956363651200352,0.6403984574876216,11.529051313353001
4808.080808080808,0.9726462181375839,0.6404338227604085,12.125670037969464
4808.780878087809,0.6853556431319396,0.6441712549056027,10.797766570806088
4809.48094809481,-0.004602396483269519,0.6444272408418875,9.918313031254172
4810.18101810181,-0.6247911488293302,0.6445652548399003,10.608203133340323
4810.881088108811,-0.10187588031338125,0.6425608490918061,10.02630906218822
4811.581158115811,0.6340578456749901,0.6371512504779631,10.708076702609558
4812.2812281228125,0.9502424995081196,0.6331524533539257,12.23972859356016
4812.981298129813,0.8892166503229774,0.6354555293608385,11.99765145598363
4813.681368136814,0.45262346971772927,0.6379945632309325,10.474723221785831
4814.381438143814,-0.32686330370242556,0.637897779712429,10.426846072486471
4815.081508150815,-0.5390690036459366,0.6373225485952932,10.757971702982141
4815.781578157816,0.21785322860596468,0.6342070914687944,10.268841633560378
4816.481648164817,0.7911315099614983,0.6280148793238582,11.628322333990733
4817.181718171817,0.9505410620355487,0.6263244158177329,12.640275874628932
4817.881788178818,0.749459799978947,0.629971438502547,11.632755404928025
4818.581858185818,0.15667767397875282,0.6304603853145968,10.4266731438948
4819.28192819282,-0.5576064676819317,0.6304156059019906,11.024905584957905
4819.98199819982,-0.27643892808744125,0.6294234566135636,10.677309815695152
4820.682068206821,0.487804774897903,0.6243020820891091,10.882482887697774
4821.382138213821,0.8837877331266052,0.6189908828845893,12.469870983277824
4822.082208220822,0.8963149413981747,0.6197508809725539,12.663474507567662
4822.782278227823,0.5456093569769087,0.6232398818233345,11.210314203473208
4823.482348234824,-0.175666719163212,0.6222649616316133,10.768048246355697
4824.182418241824,-0.5872220849246187,0.6223009514937287,11.34462025715746
4824.882488248825,0.052605244743125834,0.6202893499514868,10.718652683290925
4825.5825582558255,0.6875456756231435,0.6138378807437374,11.755751955404037
4826.282628262827,0.9157778307746797,0.610555741569339,13.029650530150514
4826.982698269827,0.783737189023239,0.6132616032413849,12.353795563191929
4827.682768276828,0.2730322852729668,0.6149915076105844,10.974549770888828
4828.382838283828,-0.4641401594571145,0.6138874866858947,11.35758611549754
4829.082908290829,-0.39607046075851077,0.614052718965901,11.29291404499802
4829.78297829783,0.3561530303418002,0.6098607374544881,11.134573925159263
4830.483048304831,0.8158591956783924,0.6037749474993185,12.65180546081889
4831.183118311831,0.8886357743362139,0.6029091498599318,13.18677277193934
4831.883188318832,0.6056993791662473,0.6064648485572551,11.87772804862895
4832.5832583258325,-0.05354248492812661,0.6057699494506552,11.126862139826512
4833.283328332834,-0.5856755332412326,0.6055091401585004,11.797421555902634
4833.983398339834,-0.08019407914346371,0.6049835700371036,11.192131190037331
4834.683468346835,0.5922824768161746,0.5989724946856675,11.904276877601628
4835.383538353835,0.8769669203674539,0.5945742476184418,13.320588626158875
4836.0836083608365,0.8002356165285419,0.5959067992820337,12.944701954474036
4836.783678367837,0.35569317979271864,0.5987234361533736,11.497863490877952
4837.483748374838,-0.3712556520493039,0.5966659966294126,11.636985522831097
4838.183818381838,-0.4704094195420472,0.5974904944855944,11.81686635051577
4838.883888388839,0.2434465417644729,0.594754363490414,11.418134243909892
4839.5839583958395,0.7520886559492981,0.588587545047149,12.800664040055999
4840.284028402841,0.8740259531692235,0.586437438830517,13.58862385057395
4840.984098409841,0.644618973316238,0.5892389469900897,12.448473493624048
4841.684168416842,0.04104141836370629,0.589800892438899,11.476032483666463
4842.384238423842,-0.5588853759782945,0.5884188726838702,12.139332719196327
4843.0843084308435,-0.18233891102557487,0.5892637452893095,11.634829722594848
4843.784378437844,0.5084273379628547,0.5842966220043729,12.060784557461979
4844.484448444845,0.8388552278330973,0.5794208393640955,13.537924100448999
4845.184518451845,0.8066317764020356,0.5794820799389212,13.416099294674796
4845.884588458846,0.4148037735456638,0.5824977124160171,11.965287959784696
4846.584658465847,-0.2892999308264906,0.5806382342425251,11.877888477848767
4847.284728472848,-0.512549800718779,0.5811907013789498,12.239225810916244
4847.984798479848,0.14979038579716986,0.5800516512413431,11.70006293894795
4848.684868486849,0.6949058874325414,0.5744147272841754,12.924669574291759
4849.384938493849,0.8569618328198507,0.5715191032365271,13.894394830045403
4850.085008500851,0.6701605740127565,0.573306256676959,12.921516965327895
4850.785078507851,0.11362053271682904,0.5749141258050938,11.797090405820077
4851.485148514852,-0.5222393504068962,0.5725940615438021,12.398523914708353
4852.185218521852,-0.2590373421296253,0.5741928167600787,12.022679771379705
4852.885288528853,0.4364208165054434,0.570559832534237,12.214037570366168
4853.585358535854,0.803696937160319,0.5657749222578096,13.701134113019574
4854.285428542855,0.8075350213215567,0.5649448009682723,13.787738329118008
4854.985498549855,0.4577911455704157,0.5675272544303297,12.367682699436312
4855.685568556856,-0.22039632370089862,0.566630013270714,12.086764783736312
4856.385638563856,-0.5337819074175183,0.5662875209585141,12.571240995679387
4857.085708570858,0.07315342945952935,0.5664635588275034,11.961780729341932
4857.785778577858,0.6448938785963373,0.5617092544516823,13.028740709774336
4858.485848584859,0.839783791193865,0.5585659059833759,14.126933983154455
4859.185918591859,0.6872284210039392,0.5594760823195881,13.307859249398708
4859.88598859886,0.16961970267660262,0.561465452240678,12.082016809785637
4860.586058605861,-0.4838405676549641,0.5590291958064957,12.597899294023483
4861.286128612862,-0.3160417854278977,0.5606511734895495,12.350758031354205
4861.986198619862,0.3753720341505528,0.5583063282980479,12.357171249180436
4862.686268626863,0.7722896939753471,0.5539726723183611,13.824854724132374
4863.3863386338635,0.8055650557277958,0.5526502905430742,14.080137896450971
4864.086408640865,0.489675699123169,0.5546116964560904,12.707748747513875
4864.786478647865,-0.16351389532153784,0.5546095747692726,12.267678945567365
4865.486548654866,-0.5421790332676278,0.5534273597711971,12.830345799384835
4866.186618661866,0.010818106864232945,0.5544178514436626,12.195664102754797
4866.8866886688675,0.601713742154113,0.550632249463012,13.116665708044419
4867.586758675868,0.8235974383571814,0.5475784941878742,14.304922777444737
4868.286828682869,0.6988409146866889,0.5478683976273558,13.622171551841713
4868.986898689869,0.21329407019095997,0.5497784042590734,12.330140557549512
4869.68696869687,-0.44744900446118663,0.5477987811784317,12.754391931073567
4870.3870387038705,-0.3583530667714895,0.5489871645496176,12.623852359395674
4871.087108710872,0.3238761997206024,0.547677770515666,12.487438463150326
4871.787178717872,0.7446867922750348,0.5439453436981552,13.920201260749787
4872.487248724873,0.8021807396745988,0.5424253830587188,14.311473365130423
4873.187318731873,0.5137743231830423,0.5438148423986243,12.993333876414827
4873.8873887388745,-0.11678286784740463,0.544337282166117,12.424616633026128
4874.587458745875,-0.5430058665058518,0.5427269495126962,13.033620142938451
4875.287528752876,-0.0398751839537281,0.544056026302508,12.400896234157813
4875.987598759876,0.5646194324040342,0.5411540076650193,13.192036712202638
4876.687668766877,0.8088024236326581,0.5383645377625415,14.443122364561892
4877.387738773878,0.7068181075926635,0.5382595295866514,13.878921981632141
4878.087808780879,0.24772519973794288,0.5398932069221336,12.544824931251691
4878.787878787879,-0.4145333115630631,0.5385004538112316,12.88047862876372
4879.48794879488,-0.3898124588006234,0.5391445254294344,12.850565840348343
4880.18801880188,0.2804911764713622,0.5385620860547374,12.60501149077602
4880.888088808882,0.7205856546495261,0.5354415581791063,13.995853367115531
4881.588158815882,0.7981216466387918,0.5338994211124978,14.496814710623992
4882.288228822883,0.5322066707765177,0.5348287091038835,13.233745186014046
4882.988298829883,-0.07842150244509444,0.5355614336906493,12.561886905310342
4883.6883688368835,-0.5395260138047951,0.5338968393797038,13.195681619495463
4884.388438843885,-0.08114365509212935,0.5352376064256675,12.580254068034389
4885.088508850885,0.5328065665388823,0.5330643183701889,13.258487171938784
4885.788578857886,0.7954460969765114,0.5306011257724597,14.55313218488524
4886.488648864886,0.7122380551952204,0.5302542071949198,14.090889949878779
4887.188718871887,0.2750554663462923,0.5315595948879598,12.731190863973795
4887.888788878888,-0.38551739641597926,0.5306585901814521,12.985654048492643
4888.588858885889,-0.4132370920316422,0.5308495116813297,13.040284018323256
4889.288928892889,0.24394089369902106,0.5307216797319736,12.711850180544262
4889.98899889989,0.6995736274038827,0.5281563929954842,14.058869963517376
4890.6890689068905,0.7937478495415534,0.5266776684697745,14.648379265103904
4891.389138913892,0.5463557423168643,0.5272449259265832,13.438061347045393
4892.089208920892,-0.04695970871481309,0.527993793404462,12.684031280791247
4892.789278927893,-0.5337511196084581,0.5264865010089633,13.328545946682528
4893.489348934893,-0.11476942967312168,0.5276626245351823,12.738198336464096
4894.1894189418945,0.5055232935489176,0.5260578535212955,13.319803016666592
4894.889488948895,0.7834249629143597,0.5239210595317271,14.644280768717882
4895.589558955896,0.7157404561183357,0.5234196195113904,14.268963318754603
4896.289628962896,0.29673770140268957,0.5243979214758936,12.894962580405167
4896.989698969897,-0.36039608507508347,0.5238460544480632,13.077608581604233
4897.6897689768975,-0.4306142580994549,0.523730128153886,13.20202234469386
4898.389838983899,0.2131993207290458,0.5238511114304463,12.811064945189658
4899.089908990899,0.6812385650888771,0.5217643691509511,14.115413461478667
4899.7899789979,0.7891793588830379,0.5203787206815617,14.776235697292629
4900.4900490049,0.5570453349983813,0.5206479446440764,13.614653810134753
4901.1901190119015,-0.021349597242268925,0.5213040442169533,12.795836538642241
4901.890189018902,-0.5268897958864017,0.5200400551446775,13.442278724405785
4902.590259025903,-0.14202738714880367,0.5209758494359146,12.880005686427664
4903.290329032903,0.482155557225901,0.5198033103954497,13.380141613831558
4903.990399039904,0.7725283913540717,0.517965491045365,14.72453590769286
4904.690469046905,0.7176163743757809,0.5173490263234775,14.422500415787004
4905.390539053906,0.3136767332732734,0.5180098910258841,13.042066459105673
4906.090609060906,-0.3390348623179882,0.5176860040036606,13.163197422731024
4906.790679067907,-0.44327532498741645,0.5173915349633413,13.34424201160754
4907.490749074907,0.18750652174539142,0.5176179596389955,12.906680195157564
4908.190819081909,0.6651904168578353,0.515937029823419,14.171417693367264
4908.890889088909,0.7843668492134511,0.5146424411550488,14.889079069059093
4909.59095909591,0.5647180856599958,0.5146436977813942,13.771209949347815
4910.29102910291,-0.0009062891968509393,0.5151441222766309,12.902462533100962
4910.991099109911,-0.5196927021464854,0.5141452724111151,13.545790006513457
4911.691169116912,-0.16379410505492228,0.514815422909673,13.011437661635062
4912.391239123913,0.4622415692589182,0.5139708780884241,13.44428261407315
4913.091309130913,0.7625242237127493,0.5123959673372719,14.801257507797073
4913.791379137914,0.7179373267654758,0.5116706376921385,14.559789811416156
4914.491449144914,0.3263480967095211,0.512014211854355,13.17852448944565
4915.191519151916,-0.32136314895075807,0.5118323364004296,13.249100622877904
4915.891589158916,-0.45207916058450087,0.5114494377899039,13.474975123855382
4916.591659165917,0.16637321720269826,0.5116848396407284,13.003532920672175
4917.291729172917,0.6511174631597503,0.5103505011268763,14.233055581481187
4917.991799179918,0.7791681771533929,0.5091266909773668,14.994818665090499
4918.691869186919,0.569516641951925,0.5088607176208746,13.91487072492017
4919.39193919392,0.01470127010113926,0.5091644267005403,13.009502702001269
4920.09200920092,-0.5126450942441619,0.5084291823390364,13.64741515697058
4920.792079207921,-0.18058318192172118,0.5088252563138361,13.138579023249287
4921.4921492149215,0.44546725245728896,0.5082353042007047,13.517756090030362
4922.192219221923,0.753162032838367,0.5068869344213861,14.881670933410742
4922.892289228923,0.7166013941032178,0.5060344063002311,14.688380799744785
4923.592359235924,0.3348931621637006,0.5060456904560967,13.310400753327311
4924.292429242924,-0.30741383821806406,0.5059525715692484,13.342191787022587
4924.9924992499255,-0.4575140324419098,0.5055340018165477,13.601960611904344
4925.692569256926,0.14956333993558196,0.505714607927429,13.10717734163585
4926.392639263927,0.638776449968462,0.5046835167176745,14.307012421472113
4927.092709270927,0.7733545191885223,0.5034984242905195,15.100965041569475
4927.792779277928,0.5713319581871797,0.502940851443465,14.052346935612952
4928.4928492849285,0.025479828035273606,0.5030175757375909,13.123030215226732
4929.19291929193,-0.5060882609883574,0.5025415115259855,13.755334332748712
4929.89298929893,-0.19257221409382125,0.5026539189888027,13.26779199653777
4930.593059305931,0.4317032415807817,0.5022721688820907,13.606958432670542
4931.293129312931,0.7442153437049197,0.5011156042196218,14.97322195732965
4931.9931993199325,0.7133674207727954,0.5000973244703207,14.815384229145542
4932.693269326933,0.3391487368773429,0.49974644102425114,13.443889819062868
4933.393339333934,-0.29739738695126855,0.4997183329769637,13.44986489340456
4934.093409340934,-0.4597998516716322,0.49928283832898257,13.732882979469709
4934.793479347935,0.13708192846824627,0.49936904134219007,13.223980349032566
4935.493549354936,0.6280200172663291,0.49861153252130835,14.400790777947691
4936.193619361937,0.7666476970937555,0.4974219232096216,15.215015424138983
4936.893689368937,0.5698481270436199,0.4965261165739056,14.19018675407698
4937.593759375938,0.03115552365686614,0.4963551615022008,13.24983563812069
4938.293829382938,-0.5002660060430704,0.49613707679159647,13.878017781549328
4938.9938993899395,-0.19965152261811958,0.4959475211539612,13.405911880056097
4939.69396939694,0.42095456549041765,0.4957510939879276,13.719443074773928
4940.394039403941,0.7354377473366872,0.49475040319006763,15.083985238835682
4941.094109410941,0.7078315620194409,0.4935077301413141,14.947857693599936
4941.794179417942,0.33865595234541235,0.4927535741185086,13.585629464416739
4942.494249424943,-0.29166284480429183,0.49279640142158265,13.58049435979582
4943.194319431944,-0.4588466512588387,0.4923278440452726,13.875753029146844
4943.894389438944,0.12918284158073842,0.49230205917161385,13.361452264689396
4944.594459445945,0.6187446315639598,0.4917978231048991,14.523150304504199
4945.294529452945,0.7586529461561974,0.4905462069376674,15.344902801347454
4945.994599459947,0.5644899384882981,0.48924581423943203,14.33519488635924
4946.694669466947,0.03114796739929445,0.48882319004352226,13.397927901544353
4947.394739473948,-0.4953192363337648,0.48886021075407526,14.024765354670922
4948.094809480948,-0.20139749905516668,0.48834321395219765,13.560683841595873
4948.794879487949,0.41337416210355005,0.4883295003258066,13.864441937325356
4949.49494949495,0.7265571513339039,0.48744144942660217,15.223177633883383
4950.195019501951,0.6994238402299557,0.4858947821606392,15.093283274681971
4950.895089508951,0.3326678431986116,0.48469495003306273,13.743276202688055
4951.595159515952,-0.2907069619687833,0.4848456243054655,13.744096453205659
4952.2952295229525,-0.45432105225537467,0.4842890484519361,14.039420613217112
4952.995299529954,0.1263031228847991,0.484159044872815,13.528878914578517
4953.695369536954,0.610896595390724,0.4838893987127155,14.684707100313991
4954.395439543955,0.7488960030541766,0.4824987860230291,15.499501596959524
4955.095509550955,0.5544528223778996,0.48071397128221244,14.495018395521205
4955.795579557956,0.02460507693381137,0.48006762444805895,13.577293329904732
4956.495649564957,-0.4912605920281327,0.4803376693622508,14.206283491970675
4957.195719571958,-0.1971388236371112,0.4794719787347942,13.741417563663887
4957.895789578958,0.4092058635479623,0.47965374967422547,14.053585506322046
4958.595859585959,0.7172514034418322,0.4788188294431243,15.401690129129117
4959.2959295929595,0.6873629775096106,0.476868056453437,15.260098365785455
4959.99599959996,0.32009870929721723,0.4751977342933691,13.926299624646335
4960.696069606961,-0.2950976074179633,0.4755186137313396,13.953080023589429
4961.396139613961,-0.44552135630128953,0.4747808347477871,14.234124897345364
4962.096209620962,0.12906485044010046,0.47458486587692,13.738166251106904
4962.796279627963,0.6043848093341512,0.4745215478931688,14.898580481811281
4963.496349634964,0.7366930704149511,0.4728905564838095,15.689093968556827
4964.196419641964,0.5385880228369033,0.4705428087276397,14.678859487824857
4964.896489648965,0.010411459847370335,0.4697516076836889,13.800913288687562
4965.596559655965,-0.48777947975961133,0.470184025015895,14.435216906739573
4966.296629662967,-0.18589850160949428,0.46897498123732334,13.95983857064633
4966.996699669967,0.4087107139107208,0.4693701975529461,14.301794665652242
4967.696769676968,0.7070355620328866,0.4685025980226231,15.632603443523923
4968.396839683968,0.6705671461873829,0.466034960645096,15.458257898152501
4969.096909690969,0.2995122668101607,0.4639178833393614,14.147098180480741
4969.79697969797,-0.3053209407074036,0.4644693590221011,14.223141578334682
4970.497049704971,-0.431315158251157,0.4634389555490503,14.47211515858759
4971.197119711971,0.13817871726408645,0.46324543603095464,14.005007868506402
4971.897189718972,0.5990206317816874,0.46333587641922697,15.18112085557467
4972.597259725972,0.7211152178915567,0.4613390362789498,15.925819744675646
4973.297329732974,0.5153612153716156,0.4583807387768524,14.898450415571498
4973.997399739974,-0.01274631462099585,0.4575807508161036,14.086153826845976
4974.697469746975,-0.4840582218303946,0.45803095891850154,14.7266161404859
4975.397539753975,-0.16645485371879976,0.45653559936320215,14.23129291816611
4976.097609760976,0.41208724576222405,0.45714946454782074,14.628377377328102
4976.797679767977,0.6952025348313556,0.45613006634007475,15.931630455017293
4977.497749774978,0.6475689135942418,0.45304250035518184,15.699925543444673
4978.197819781978,0.2690812553306153,0.4505861120179056,14.422608822332464
4978.897889788979,-0.3215310826950267,0.45136726411935757,14.57416111642781
4979.5979597959795,-0.41001406434083026,0.44996416905602804,14.76842210997959
4980.298029802981,0.15432471731669195,0.4498565864068941,14.35043025292413
4980.998099809981,0.5943859347310653,0.4500095311196414,15.552554154572857
4981.698169816982,0.7008619973147934,0.4475110226180985,16.224050303901972
4982.398239823982,0.4827788799291178,0.4439710827734473,15.169469660574219
4983.098309830983,-0.04618043523174088,0.4433174001488448,14.456516286573871
4983.798379837984,-0.4784085991090773,0.44358578665981163,15.098164483360208
4984.498449844985,-0.1374580129692129,0.4419202345669125,14.576445703217022
4985.198519851985,0.4192586645447085,0.44272220836337633,15.058184939192309
4985.898589858986,0.6806578632893522,0.44140397338438014,16.31729639665423
4986.5986598659865,0.6164072976337958,0.43764640733981985,16.000352644284284
4987.298729872988,0.22667810367216348,0.43504888396200453,14.776578138163199
4987.998799879988,-0.34303307017328344,0.4359379405050498,15.030782612924853
4988.698869886989,-0.3793059405649678,0.43417220162542186,15.14188612683832
4989.398939893989,0.17790799076669025,0.43421676144807675,14.802650845494272
4990.0990099009905,0.5896301385356664,0.4342986328880552,16.037255115598562
4990.799079907991,0.6741067858722406,0.4311883570966003,16.600585188824343
4991.499149914992,0.43833996632881905,0.4272125173733269,15.51361206012651
4992.199219921992,-0.09078007619881756,0.42678149458011155,14.943504301322976
4992.899289928993,-0.467849637743305,0.4267032308517412,15.569929949417492
4993.599359935994,-0.0976803882200444,0.42501241774615983,15.02359501774249
4994.299429942995,0.4296446587748702,0.42591992529866096,15.622411454037985
4994.999499949995,0.6617655519427732,0.42415508341870894,16.8105059867883
4995.699569956996,0.5745311503619166,0.41978411311516545,16.379117569131065
4996.399639963996,0.17012762517357288,0.41726486962245396,15.242542943139634
4997.0997099709975,-0.3675066754864485,0.41804570763225896,15.621848173299352
4997.799779977998,-0.3364274955952647,0.416028679674241,15.616723682613612
4998.499849984999,0.20865916640732116,0.4162395875578834,15.398882953107245
4999.199919991999,0.5832423013191008,0.4160919817604425,16.662976683782187
4999.899989999,0.6383791649783658,0.41233867490911486,17.0746038424745
5000.600060006001,0.37916962818751837,0.40817030837324425,15.961644451583414
5001.300130013002,-0.14610247995396194,0.4078769196836103,15.587647637275026
5002.000200020002,-0.4477489163155008,0.40742034728564697,16.163479606747487
5002.700270027003,-0.04655999333985943,0.40581941584732195,15.611499833922805
5003.400340034003,0.44175401904518535,0.4067042534623593,16.35803691665343
5004.100410041005,0.6361025595213574,0.40439167651854724,17.43300407978603
5004.800480048005,0.5187811734243546,0.39958917879347333,16.862052862784104
5005.500550055006,0.09793037623230862,0.39725452346331597,15.866984175344557
5006.200620062006,-0.3899128808905154,0.39775702295222626,16.377297932602225
5006.900690069007,-0.2787015765710659,0.39563637686421765,16.225080858134664
5007.600760076008,0.24513156693315286,0.3959645167685095,16.185837183782038
5008.300830083009,0.5727502122402102,0.39544485915986577,17.457921406356885
5009.000900090009,0.5904510367079295,0.39113454151234084,17.667479554883386
5009.70097009701,0.3024893786058107,0.38700059264316033,16.557504388077138
5010.4010401040105,-0.2088663763789455,0.38666144495276455,16.43629177312483
5011.101110111012,-0.41209420915257616,0.38592414785024753,16.900822069865654
5011.801180118012,0.014963724896513377,0.3844565674542431,16.39182723986073
5012.501250125013,0.4528505395928676,0.38517802529933737,17.304038863269778
5013.201320132013,0.6003970255322572,0.3823081636821887,18.204317449361714
5013.901390139014,0.44575450102766456,0.3773156818453924,17.484430328336206
5014.601460146015,0.01079467971995636,0.3751005229438876,16.710426083250777
5015.301530153016,-0.40174100002738455,0.3753146072710727,17.3210841146673
5016.001600160016,-0.20494219885125456,0.37318770271193386,17.010875497786337
5016.701670167017,0.28409769584344036,0.3735452857720413,17.21621724481108
5017.4017401740175,0.5546126010726581,0.37257161146685047,18.444288963907105
5018.101810181019,0.5266220422571876,0.36788416828069187,18.403129970737954
5018.801880188019,0.20691392094200914,0.36386933569431656,17.36223776428788
5019.50195019502,-0.27097914066125195,0.36337563799613887,17.533569113018835
5020.20202020202,-0.35507723075638253,0.3624792310046151,17.804995973171444
5020.9020902090215,0.08346183965369543,0.36112360244401165,17.428013330055727
5021.602160216022,0.4587205319644876,0.3615722995264888,18.491446879983123
5022.302230223023,0.5506485687155193,0.3582310112870532,19.137468882484878
5023.002300230023,0.3527640628612064,0.3532240008619455,18.29541818308727
5023.702370237024,-0.08584295303460528,0.3510066660919624,17.840279007130786
5024.402440244025,-0.39172711013063255,0.3510449568311944,18.460902982199286
5025.102510251026,-0.11726659580576203,0.34892299846546676,18.033111551777257
5025.802580258026,0.3202732490635866,0.3492279223979584,18.536264505522542
5026.502650265027,0.524311924439342,0.3477978384356573,19.627763649220427
5027.202720272027,0.4434609122455856,0.34291561621990657,19.310196760032213
5027.9027902790285,0.09491274013155271,0.3389706656788839,18.452368041391466
5028.602860286029,-0.3184363334916947,0.3383737750296684,18.89813002361449
5029.30293029303,-0.2743717388026447,0.33736707598241333,18.90516449422312
5030.00300030003,0.15244975648572476,0.33608201907903923,18.783557267280777
5030.703070307031,0.4539259247562242,0.33620708683089756,19.925344986423497
5031.403140314032,0.4828916098557737,0.3325221847608769,20.236078710650695
5032.103210321033,0.24003056961427907,0.32754415413590854,19.3609588001834
5032.803280328033,-0.17911209208520654,0.3253036156897075,19.305107681501426
5033.503350335034,-0.3499770043635318,0.3252819038281678,19.78275703418387
5034.203420342034,-0.0226149819016931,0.3231178955642851,19.361333911762927
5034.903490349036,0.3467625174002573,0.3233292390452487,20.159922270160685
5035.603560356036,0.4772259797031594,0.32149509152319516,20.986741252455204
5036.303630363037,0.3397158241583381,0.31651539755666985,20.42687301410205
5037.003700370037,-0.023829597380211696,0.31259092055282933,19.900063456969775
5037.7037703770375,-0.3342209616223077,0.31204175333481454,20.49443339908095
5038.403840384039,-0.17482188600733753,0.31087563241733274,20.24485907641625
5039.103910391039,0.21305903502293258,0.30964989134636495,20.490982577543956
5039.80398039804,0.43286370933822066,0.30945215519217045,21.56346439866423
5040.50405040504,0.39487531946397253,0.30551744617457,21.498295988981194
5041.204120412041,0.11395580711762283,0.30054016249987947,20.7543147291479
5041.904190419042,-0.24910009551729645,0.29839844829291384,21.08599906617859
5042.604260426043,-0.2748003981228016,0.2983491382421014,21.264546114013505
5043.304330433043,0.06787559285844479,0.29609732871734656,21.04874493696614
5044.004400440044,0.3565343504630481,0.296222226209422,22.03437813585299
5044.7044704470445,0.41025535761507004,0.2940364895269033,22.472535706187077
5045.404540454046,0.21920572521470646,0.28896620672339973,21.802765523748114
5046.104610461046,-0.1307687716851687,0.2851243310864903,21.720715216054877
5046.804680468047,-0.30698670563887825,0.2847706413457702,22.22742682994837
5047.504750475047,-0.06902826703990779,0.2833289434095895,21.87699472394972
5048.2048204820485,0.25624601437547606,0.28221065152678987,22.503409737795547
5048.904890489049,0.3915477645145092,0.2817057329882137,23.30978278918634
5049.60496049605,0.28852661305671295,0.2775424450897752,22.92979567272057
5050.30503050305,-0.01037570989274637,0.2725800687533784,22.51491211376365
5051.005100510051,-0.2764615218235484,0.27074597343733503,23.055087026691794
5051.705170517052,-0.1768612425032457,0.27058727184594583,22.907298516949314
5052.405240524053,0.14223234756541028,0.26826609491458653,23.07484528379956
5053.105310531053,0.34461941931275997,0.26833410614382947,24.023454514215025
5053.805380538054,0.32398524727862665,0.2658030760209471,24.033013496557178
5054.505450545054,0.09330381929561594,0.2606326617902753,23.47832705958474
5055.2055205520555,-0.20343822281919063,0.25706751284629215,23.803735897957818
5055.905590559056,-0.24027670278950503,0.25697530536705954,23.996176748355797
5056.605660566057,0.027175800097705278,0.2551379486158434,23.817593846941413
5057.305730573057,0.2756969370809287,0.25423032410792235,24.662259733619774
5058.005800580058,0.32960428778358547,0.2534025823792556,25.04771517572939
5058.705870587059,0.17210858333622944,0.24898667384142945,24.549277998005042
5059.40594059406,-0.11166749826829991,0.2441733235493406,24.57374028755644
5060.10601060106,-0.25483726094606823,0.2428613581929593,25.012636764666027
5060.806080608061,-0.07500803879544445,0.24240226801166037,24.73753033225729
5061.506150615061,0.19187001610756507,0.24014226390056662,25.290373980143798
5062.206220622063,0.30993509068067066,0.240156450566833,25.94775170497108
5062.906290629063,0.22430376395539023,0.2372344118490493,25.647431134914775
5063.606360636064,-0.02005741806628036,0.23202895588998176,25.424153713236347
5064.306430643064,-0.22745524937399583,0.2290258155561557,25.907502983073016
5065.006500650065,-0.1519264671068122,0.22911784081240344,25.772596866906593
5065.706570657066,0.10135988042435888,0.22685358748219386,25.967864144098584
5066.406640664067,0.2697072106872816,0.22626737935133587,26.737525610257666
5067.106710671067,0.25131363651708943,0.2250432226045865,26.705308836563194
5067.806780678068,0.05973723178013566,0.2203781779622697,26.353492044542833
5068.5068506850685,-0.17188717315027535,0.21598527029265213,26.71078862420968
5069.20692069207,-0.19586984639826563,0.21532372713816883,26.821282173898947
5069.90699069907,0.01327778519564062,0.21431574650939988,26.732569629367244
5070.607060706071,0.21391311852394232,0.21236319013200458,27.44211423960448
5071.307130713071,0.2558597047513939,0.21224941913652126,27.67845593494166
5072.007200720072,0.12206825586864677,0.20888304482077216,27.323403990038823
5072.707270727073,-0.1029737670029817,0.20384652115649715,27.479198218690097
5073.407340734074,-0.20567089421693627,0.20170279362929924,27.79271741573236
5074.107410741074,-0.06329775154131985,0.20171326187310726,27.58663581523011
5074.807480748075,0.14803396015283063,0.19919068534036588,28.097540206890237
5075.5075507550755,0.2411420255701278,0.19895849955276143,28.544863925570848
5076.207620762077,0.16514457717774086,0.1972230511807613,28.28642031175611
5076.907690769077,-0.03285718325737298,0.19242432699729276,28.251141361112346
5077.607760776078,-0.1862106413355297,0.18882462812420162,28.64490133958306
5078.307830783078,-0.120788002166766,0.18873725040167366,28.493787783821958
5079.0079007900795,0.07812784522560656,0.18702000158971321,28.741177201689833
5079.70797079708,0.21060962588656365,0.18565114118819762,29.30122380531241
5080.408040804081,0.189314023850863,0.18524056753576149,29.20172051705659
5081.108110811081,0.030228644867706593,0.18145043532986294,29.034718559378543
5081.808180818082,-0.14606089482135093,0.1769413939813682,29.386633114436776
5082.5082508250825,-0.154612358589635,0.17582833953056992,29.392595918505325
5083.208320832084,0.010615891357008037,0.17534652223794003,29.402006171950934
5083.908390839084,0.16800418668304765,0.17297639139391507,29.958877323588005
5084.608460846085,0.19604006419283265,0.1729681711824912,30.040269897827898
5085.308530853085,0.08155554071629992,0.17063500107610008,29.817194154052803
5086.0086008600865,-0.09471144746730469,0.16598824646027846,30.051888065216318
5086.708670867087,-0.16402243068011427,0.1635414013006704,30.22230641042342
5087.408740874088,-0.04826995990263853,0.16364961104228284,30.091733302952502
5088.108810881088,0.11746027914972582,0.16137429235758907,30.539686422331567
5088.808880888089,0.18736776371393463,0.16071629724145964,30.785013618868508
5089.50895089509,0.11893425293971126,0.15979718306645418,30.577948581434104
5090.209020902091,-0.04053171492474772,0.15576272841411334,30.67319079486247
5090.909090909091,-0.15184698552637763,0.15222818961910645,30.946931851047218
5091.609160916092,-0.09331620239120605,0.15200170472879188,30.799815536369344
5092.309230923092,0.0635071156582176,0.150716288578443,31.07112856545086
5093.009300930094,0.16572963709583055,0.14898838177236856,31.42994420292359
5093.709370937094,0.1418467049036888,0.14890927958923464,31.29657921811673
5094.409440944095,0.010152075143163703,0.14602232056799405,31.26941305413998
5095.109510951095,-0.12339888077029947,0.14197059418723668,31.563066325412862
5095.809580958096,-0.12119185740604561,0.1408102605788275,31.49630049787947
5096.509650965097,0.010930239103821156,0.140527947855635,31.580174962274583
5097.209720972098,0.1339408551797133,0.1382395785755095,31.979290506133122
5097.909790979098,0.15081371754110243,0.1381224585641103,31.95612598168302
5098.609860986099,0.05312245354620859,0.13656027429307327,31.846106749655075
5099.309930993099,-0.08498873131028718,0.13265388700916778,32.090323626833445
5100.010001000101,-0.13095847116554724,0.13044396931391594,32.14365837710179
5100.710071007101,-0.035614980322398834,0.13055558425221964,32.086288737270316
5101.410141014102,0.09518792284967359,0.12860841521880514,32.44644631653387
5102.110211021102,0.1470320014330218,0.12775837485748373,32.5440384894836
5102.810281028103,0.08594530235971817,0.1272771818042987,32.40031822499701
5103.510351035104,-0.04269004281641353,0.12408345470806494,32.55544513838155
5104.210421042105,-0.12408093122961243,0.12109372106898857,32.71244801209982
5104.910491049105,-0.07212432932148091,0.12091506351323231,32.59528262437069
5105.610561056106,0.05303168735420503,0.11985216503727357,32.85171584001267
5106.3106310631065,0.13220584785694742,0.11818306481545678,33.05288678204437
5107.010701070108,0.10753374119848406,0.11819548051266343,32.924696646192096
5107.710771077108,-0.001570589806301849,0.11605085979468871,32.98087220962549
5108.410841084109,-0.1039066397476549,0.11276015692553683,33.19171588347328
5109.110911091109,-0.09584318884913597,0.11187002681735668,33.09705059304017
5109.8109810981105,0.011257802078206284,0.11162018761535471,33.2183900175665
5110.511051105111,0.10847883030705915,0.10963261812398793,33.48140918364091
5111.211121112112,0.1177820517410131,0.10945991836142868,33.409750871690996
5111.911191119112,0.0346163521378861,0.10839201331879209,33.38046432570058
5112.611261126113,-0.07480043963584217,0.10531599304972761,33.58880205971426
5113.3113311331135,-0.10567037300199807,0.10363769577378479,33.56964430073352
5114.011401140115,-0.026410857864206924,0.10374309953550612,33.56711755120052
5114.711471147115,0.0783933524284263,0.10208872873648754,33.83529619762387
5115.411541154115,0.11729301397998645,0.10129568754645138,33.84515564184707
5116.111611161116,0.0633812904737559,0.10102446349481363,33.75969963545831
5116.811681168117,-0.04132296542867849,0.09857745076883469,33.92127562359104
5117.511751175118,-0.1022443375128601,0.09631235046140109,33.98893251755828
5118.211821182118,-0.056687344039203565,0.09626547152024671,33.90981674362044
5118.911891189119,0.04484696282922213,0.09531602162925853,34.12670990292365
5119.611961196119,0.10724240076742543,0.09391383509929528,34.22121247046084
5120.312031203121,0.0833333110321713,0.093954289307974,34.11719929781112
5121.012101210121,-0.007599275324104022,0.09235586875935077,34.20776294130466
5121.712171217122,-0.08772073009297159,0.08986138875799717,34.33865334215578
5122.412241224122,-0.07717880480943576,0.08932349964937733,34.24534462398132
5123.112311231123,0.010959479602565382,0.08904206456930673,34.371880475361316
5123.812381238124,0.08929115200335733,0.08740970416985888,34.5308385402931
5124.512451245125,0.09398229443117825,0.08726586346697997,34.446097669244814
5125.212521252125,0.02306250755341886,0.08649865472430215,34.461959253705444
5125.912591259126,-0.06522981197932341,0.08416221670242312,34.61507682973686
5126.612661266126,-0.08671863515347565,0.08303539162466458,34.559595157938844
5127.312731273128,-0.020175123563686462,0.08310868417728318,34.586774020288594
5128.012801280128,0.06550410032850919,0.08171149595432464,34.77156538602106
5128.712871287129,0.09554200732897601,0.08108609696707819,34.73544029141864
5129.412941294129,0.048276069890799855,0.08091441845673665,34.6903456837291
5130.11301130113,-0.038276915638019576,0.07904875410658802,34.82475071446883
5130.813081308131,-0.08547683830533562,0.07744785794326513,34.831226906154306
5131.513151315132,-0.04577985704804471,0.07749520818584608,34.78185315098984
5132.213221322132,0.03828118995593787,0.07662146664926237,34.946598414238046
5132.913291329133,0.08879886377961706,0.0755252573438864,34.972287113372644
5133.6133613361335,0.06653771532224327,0.07558011268483507,34.89226690562664
5134.313431343135,-0.010236354416140535,0.07435207348120737,34.978671781915466
5135.013501350135,-0.0748554508860405,0.07252596063987778,35.04060806494642
5135.713571357136,-0.06374347587196104,0.07225870343264751,34.95786272306724
5136.413641364136,0.010236884921376197,0.07192224938604629,35.064158895969136
5137.1137113711375,0.0750386644504593,0.07061707167133777,35.144813995723105
5137.813781378138,0.07713908123455453,0.07053198994939307,35.06121254029422
5138.513851385139,0.01600390063080755,0.06993184072086847,35.087005255581566
5139.213921392139,-0.05716641786418274,0.06817049196470511,35.17711187270618
5139.91399139914,-0.07291058214033669,0.06746606922731618,35.10509272599966
5140.6140614061405,-0.015996300045035904,0.06746796936426093,35.135102709433376
5141.314131413142,0.05597078843309718,0.06629162181732022,35.24587230313316
5142.014201420142,0.08004310170256249,0.06584091984511234,35.18712553705776
5142.714271427143,0.03822342252743611,0.06569750633781547,35.15655433574335
5143.414341434143,-0.03517660143911064,0.06424869032362446,35.24134773053076
5144.1144114411445,-0.0732025587513322,0.06315129707452491,35.20773481402538
5144.814481448145,-0.038042927797640604,0.06321063010173353,35.169735432071306
5145.514551455146,0.03361504773377809,0.062400853636444334,35.27581814186464
5146.214621462146,0.07578024659626759,0.06157359142174537,35.25975684598615
5146.914691469147,0.05493489035432336,0.06161537820414497,35.19084581929517
5147.614761476148,-0.01167671118505199,0.060624311001988576,35.24289823203169
5148.314831483149,-0.06557437363511344,0.059298425892371505,35.25195877226402
5149.014901490149,-0.05406495054158856,0.05917244353789714,35.17521822419394
5149.71497149715,0.010192519766732426,0.05878178061052381,35.24368505720423
5150.41504150415,0.06537164960887432,0.0577528754196419,35.27279377250714
5151.115111511152,0.06532999845047378,0.05770340513246048,35.19197577237391
5151.815181518152,0.010818322502748619,0.05718390638986249,35.196831943380865
5152.515251525153,-0.05177730520323771,0.0558469948021193,35.233763834732
5153.215321532153,-0.06297137233967577,0.05540332582987024,35.15529252640321
5153.915391539154,-0.012057118673796335,0.055317370772125174,35.166596203228764
5154.615461546155,0.05022703347674076,0.05433747543666612,35.227911034565615
5155.315531553156,0.06922297525222001,0.054014181182217215,35.1633132012041
5156.015601560156,0.030303931195755154,0.05385419442594563,35.12143398450919
5156.715671567157,-0.034032354408375015,0.05270921408012811,35.1627962754948
5157.415741574157,-0.06457518732144962,0.05194493186195681,35.11304031426527
5158.115811581159,-0.031100958628432634,0.05196204543644166,35.067928449616055
5158.815881588159,0.032070260724767825,0.05123280621375446,35.137569462924695
5159.51595159516,0.06697009752820211,0.05060669358963491,35.112368450371285
5160.21602160216,0.045354358858213886,0.050609365879312,35.03775080534677
5160.916091609161,-0.014679309681151928,0.04979134924143552,35.06154397005077
5161.616161616162,-0.0595469802544932,0.048810472667870045,35.05590176999403
5162.316231623163,-0.04534123578325032,0.04873169747488068,34.97527761250482
5163.016301630163,0.012807121425396722,0.048329498899763526,35.02607477146731
5163.716371637164,0.05939778108733604,0.04751669817001518,35.05330536010358
5164.4164416441645,0.05514726376648517,0.04746904877837409,34.9704600909394
5165.116511651166,0.004106581991054411,0.047014358830244844,34.96234890905975
5165.816581658166,-0.049262869722418064,0.04598144701951941,35.000504201598226
5166.516651665167,-0.05382113727067123,0.0456765457474344,34.91896761399101
5167.216721672167,-0.005649445802706219,0.04554570257129776,34.92909434581712
5167.916791679168,0.04772373742485724,0.044737810133793236,35.0087231596436
5168.616861686169,0.05944682767123052,0.044486422827339105,34.94883041439497
5169.31693169317,0.020542935416675963,0.044329084230259615,34.904858394544895
5170.01700170017,-0.035540225546098335,0.04341524014048838,34.97517586264036
5170.717071707171,-0.05633061699763743,0.0428523797495617,34.93145114495885
5171.4171417141715,-0.021572063696852092,0.04285096867197872,34.89241774660657
5172.117211721173,0.03343785735660388,0.042223061384286636,35.01077329988601
5172.817281728173,0.05852551538909945,0.04172688157269799,35.00721441097361
5173.517351735174,0.033343888953740394,0.04172395660923622,34.93501750555728
5174.217421742174,-0.020338758110089793,0.041058793074704676,35.019867870510396
5174.9174917491755,-0.05338726751447561,0.04029959781450515,35.04775307293773
5175.617561756176,-0.0336134498488555,0.04026529694363958,34.97055913737304
5176.317631763177,0.018198348183624695,0.039907929881571415,35.102187563693526
5177.017701770177,0.053112363347719245,0.03924353210932009,35.18494044323456
5177.717771777178,0.04175732822896944,0.03922526107902676,35.105466768054484
5178.417841784179,-0.00551526560848134,0.03886435866559917,35.185321363948354
5179.11791179118,-0.04611770999687133,0.038034665160083456,35.30687622226092
5179.81798179818,-0.0409858436119664,0.03784239489116165,35.225172210959954
5180.518051805181,0.003649594043799076,0.03774119347913455,35.33806862391585
5181.218121812181,0.04430466784982763,0.037059310746101075,35.52635377083752
5181.9181918191825,0.0455814757929,0.036889751976089555,35.47611278722934
5182.618261826183,0.007401068669622798,0.0368030521015202,35.53335559060397
5183.318331833184,-0.03602797637911613,0.036051644514049214,35.75422904982278
5184.018401840184,-0.04354164197511011,0.03564820641322008,35.72285843815899
5184.718471847185,-0.008765739306548885,0.03570674262696995,35.78849610711401
5185.418541854186,0.033435874309599586,0.03516356279856858,36.082083644590824
5186.118611861187,0.04509202128627962,0.034789173205399176,36.11370486067719
5186.818681868187,0.017313578091843793,0.034873570053499454,36.138689395067075
5187.518751875188,-0.024752225828430847,0.03432973990475115,36.44477192208753
5188.218821882188,-0.04173874762571664,0.03374185902419306,36.531819061440956
5188.91889188919,-0.017956828717920405,0.03382751256114305,36.54097991442117
5189.61896189619,0.021962541011137975,0.03352484892685402,36.91211784445826
5190.319031903191,0.040981509677571394,0.03298920650865041,37.08861640390708
5191.019101910191,0.023596108519726065,0.03310422099338293,37.0906599975128
5191.719171917192,-0.013853549745194349,0.03284357321411906,37.445815841738636
5192.419241924193,-0.036545128157502126,0.032163732243329995,37.7160405069461
5193.119311931193,-0.023323162755370025,0.03215514920455469,37.69865523990053
5193.819381938194,0.011311939659591508,0.032113229845765257,38.08902380427048
5194.519451945194,0.03428115997981733,0.03153190442564477,38.465691780916124
5195.2195219521955,0.02610978443584067,0.031548780742363815,38.48875335021379
5195.919591959196,-0.0046342012995534655,0.031574909504100836,38.83553474919737
5196.619661966197,-0.029250419353581206,0.030932454971648052,39.32309159699884
5197.319731973197,-0.02481984886320486,0.030754268894913086,39.36411381916332
5198.019801980198,0.0026903761304323003,0.030918958815937425,39.69378074602539
5198.7198719871985,0.0262237656358458,0.030429230638691403,40.28248197119207
5199.4199419942,0.02517132241190977,0.030275006688521944,40.417254629271866
5200.1200120012,0.0019940114106293994,0.0305210404795283,40.6863045836468
5200.820082008201,-0.021252296522584858,0.03004668304716118,41.3557097848888
5201.520152015201,-0.02293371474757238,0.029686755562249492,41.58749107970017
5202.2202220222025,-0.0030573615985160204,0.02995750203071903,41.78562745912407
5202.920292029203,0.01812059306555748,0.02966943970526722,42.503721807765814
5203.620362036204,0.021482741963202292,0.029348093395591343,42.8704423519987
5204.320432043204,0.00553972512042448,0.029699155989022934,43.00962161665894
5205.020502050205,-0.013881820833444957,0.029491041304925143,43.713234922757806
5205.720572057206,-0.018561673323915655,0.029000960449350043,44.24977310691373
5206.420642064207,-0.0055250355127543565,0.029264121843795593,44.31134309565743
5207.120712071207,0.011207461600945962,0.02923224150621976,44.94306392827391
5207.820782078208,0.016023488480817635,0.02881462041313409,45.60213451370646
5208.520852085208,0.00594187740208479,0.029144988954672626,45.630016824379055
5209.22092209221,-0.008234582858851466,0.029243441725246077,46.10258141880669
5209.92099209921,-0.01286143661677042,0.028724365271793433,46.89722810250584
5210.621062106211,-0.004810873021786691,0.028882488364344303,46.92998591898249
5211.321132113211,0.006495586934042354,0.029101264787286713,47.17855195721236
5212.021202120212,0.009974651203818465,0.0286937498785121,47.97373268023689
5212.721272127213,0.00356225514600614,0.02890518672625141,48.01073975110544
5213.421342134214,-0.005096656212338771,0.029283496384839194,47.98759679005627
5214.121412141214,-0.0070932042139109095,0.02886035448899492,48.719827324576656
5214.821482148215,-0.0014642196571366015,0.028854854711995438,48.87566770736093
5215.521552155215,0.0046450468735804735,0.029268306209655405,48.58196062824774
5216.221622162217,0.004562747368409131,0.02897838305049657,49.10664084158455
5216.921692169217,-0.0008756866436883975,0.02902454847709173,49.27088386762103
5217.621762176218,-0.004855414667791356,0.029598196428363838,48.74079685476843
5218.321832183218,-0.0024470210870628528,0.029387115242534335,48.98052317815542
5219.021902190219,0.0035989907000479214,0.029213313019924823,49.25188290208467
5219.72197219722,0.005876232844680444,0.029729573868567994,48.614443415593996
5220.422042204221,0.0009182445370570309,0.029641314699571215,48.52590941932447
5221.122112211221,-0.006360456973062525,0.029532849223096593,48.743826446816826
5221.822182218222,-0.007487736136770499,0.03018412315005819,48.04442683728826
5222.5222522252225,8.802316026824852e-05,0.03026167686602679,47.64878915288931
5223.222322232224,0.009230667898172036,0.02997349292919567,47.824233104726915
5223.922392239224,0.009937219632838296,0.030482513844637765,47.24184043479992
5224.622462246225,-6.548778742833263e-05,0.03064258642843346,46.60889479609352
5225.322532253225,-0.011692154177126447,0.030436922989175122,46.66083087214157
5226.022602260226,-0.012561715069590924,0.031045822551270853,46.16606789587709
5226.722672267227,-0.00017267143475603255,0.03142877728126578,45.39102256557484
5227.422742274228,0.014213222578932351,0.031127097809519617,45.29313791751686
5228.122812281228,0.016144858346603674,0.03152526759130168,44.979892429545814
5228.822882288229,0.0021214173777834335,0.031933445045463624,44.16711023244927
5229.5229522952295,-0.015632204967036566,0.03171808920286845,43.930794483876234
5230.223022302231,-0.019268927097057156,0.03218975104527758,43.73805281602238
5230.923092309231,-0.003542633828427979,0.03283179242741046,42.95387356410394
5231.623162316232,0.017399985010576578,0.03263703415572986,42.58631995006707
5232.323232323232,0.02349042511333095,0.03285687153909902,42.4907976453623
5233.0233023302335,0.007543701897239538,0.03346023477092644,41.8180471990667
5233.723372337234,-0.017052418272616728,0.033334527653614957,41.34554269609568
5234.423442344235,-0.026496646849329862,0.033617841582535855,41.32805601947841
5235.123512351235,-0.009925105478610386,0.0344221768736008,40.76736461216516
5235.823582358236,0.01783595511355298,0.03443963944864855,40.24519832496333
5236.523652365237,0.030749569026679295,0.03447445252357478,40.224537921752294
5237.223722372238,0.015780308446835797,0.035171663248202534,39.821019688257564
5237.923792379238,-0.01509520011278285,0.035225545402366006,39.24701274326277
5238.623862386239,-0.032920286991553104,0.03532221733523659,39.2430517389246
5239.323932393239,-0.018786392125092862,0.03616516478649945,38.96354807576294
5240.0240024002405,0.014872283275556047,0.036454795478244414,38.41363631237034
5240.724072407241,0.036645940168390394,0.03636471157253865,38.36158975495908
5241.424142414242,0.02597462732061533,0.03702831205666758,38.20939812701991
5242.124212421242,-0.009330921183609849,0.037317160835406885,37.662145165464246
5242.824282428243,-0.03717642629230728,0.03728121182821572,37.57345877590296
5243.524352435244,-0.029191411878389594,0.03803992398041941,37.52308876239951
5244.224422442245,0.00823554405198406,0.038600199678671746,37.04071654859104
5244.924492449245,0.03999372214894119,0.038493819744417096,36.91286233239909
5245.624562456246,0.03695710495248546,0.03900879738577831,36.93026210312944
5246.324632463246,0.00017834981501509386,0.0395302146153989,36.495171562020545
5247.024702470248,-0.03802666023418405,0.03945708175261326,36.2962357747632
5247.724772477248,-0.03985963774602582,0.040036637089933796,36.37967033291972
5248.424842484249,-0.0019275598009687808,0.04080546307829072,36.02185316772871
5249.124912491249,0.03980258932630797,0.04080436918748774,35.818561845607306
5249.82498249825,0.04735889124439045,0.041108829451558665,35.91600873508402
5250.525052505251,0.012843494416795446,0.04179305554572493,35.63168393343185
5251.225122512252,-0.03454780301602089,0.04179626915504474,35.34663185168794
5251.925192519252,-0.0492571579893374,0.04215150342307435,35.46754036511134
5252.625262526253,-0.014989394189705307,0.043021690664331626,35.25713184303406
5253.3253325332535,0.0354032375553256,0.04322191532293841,35.003183166428194
5254.025402540255,0.05576433647754592,0.04333023272342535,35.10909061388884
5254.725472547255,0.02759041418005214,0.04405457320201681,34.975960571050145
5255.425542554256,-0.02631747394816683,0.044232004542529124,34.65281560989345
5256.125612561256,-0.055776020379309635,0.0443797327658677,34.73655221621719
5256.825682568257,-0.029858378416578464,0.045224049317353,34.66747269317399
5257.525752575258,0.02652181906151839,0.04566790302638507,34.39803761236687
5258.225822582259,0.060872310195609174,0.04566511578182018,34.46610235811295
5258.925892589259,0.04301787441339401,0.046292975202141866,34.4586652895819
5259.62596259626,-0.013496795103373848,0.04669109080428456,34.14941886110712
5260.3260326032605,-0.057962066283534536,0.046708260016303266,34.152808535029386
5261.026102610262,-0.04505003331281308,0.047409558682866615,34.19553150186001
5261.726172617262,0.013336403149240167,0.04807453747964682,33.94755957040207
5262.426242624263,0.06162271121556967,0.04808467532680549,33.95523610248415
5263.126312631263,0.05754937097422762,0.048515653117014244,34.0343286167637
5263.8263826382645,0.0031389806571619203,0.04910623886468448,33.78188799367582
5264.526452645265,-0.05473417149622619,0.04911029822311069,33.694032805013215
5265.226522652266,-0.058764891303353176,0.04959107762671285,33.803003074475555
5265.926592659266,-0.0034612365257084277,0.05039662867821329,33.609131960700886
5266.626662666267,0.057268055827183785,0.05053973598277259,33.55298137739387
5267.3267326732675,0.0695761248003312,0.05074786225499855,33.676228060730196
5268.026802680269,0.022295885504559205,0.0514308937935482,33.507447784356195
5268.726872687269,-0.04557945602171511,0.05154427391941653,33.34402242338053
5269.42694269427,-0.06909043770933698,0.0517885241048658,33.46763713333264
5270.12701270127,-0.02266680426829682,0.05261641144402283,33.35084592040336
5270.827082708271,0.04749014430173486,0.05297057261883267,33.24156971796053
5271.527152715272,0.07763327410313967,0.05301296652514573,33.37089287316898
5272.227222722272,0.04229001289489483,0.053649616122209226,33.29468537766748
5272.927292729273,-0.030707105937207817,0.053956793180596666,33.08833836418015
5273.627362736273,-0.07424558649491551,0.05401756002760432,33.1802475777688
5274.327432743275,-0.04257748022880844,0.05474183825395443,33.14899675865307
5275.027502750275,0.03246320671516978,0.05532095245306079,33.00728007397492
5275.727572757276,0.08051912082414031,0.05531484460919005,33.113189516953135
5276.427642764276,0.06125721833874843,0.05578093396738673,33.122515395435855
5277.127712771277,-0.01105678077213898,0.05629307128263582,32.912146422271846
5277.827782778278,-0.07287655527787854,0.05628052314620646,32.94114296187912
5278.527852785279,-0.06111025781015168,0.0568011631265031,32.98630485082836
5279.227922792279,0.01290882703077493,0.0575516860208919,32.83912211863916
5279.92799279928,0.07739685135861835,0.05763124757299339,32.90242992607808
5280.6280628062805,0.07735032082124753,0.057867225294690725,32.97854223473227
5281.328132813282,0.011813908529363993,0.058511516779038764,32.79991181687947
5282.028202820282,-0.06431629810291711,0.058560208487471725,32.75548167102743
5282.728272827283,-0.0760044619126457,0.058832793584462625,32.85110716035268
5283.428342834283,-0.009864307671664789,0.05964826194436325,32.7274987422308
5284.128412841284,0.0678850177230968,0.05991951995987899,32.739563397120335
5284.828482848285,0.08889767981558724,0.059954311783573064,32.8570746485716
5285.528552855286,0.0359153985599062,0.06059763321116934,32.73620843893635
5286.228622862286,-0.048747957092031106,0.06082036471003187,32.6282660901621
5286.928692869287,-0.08510908694811338,0.06087319202097423,32.73747474934637
5287.6287628762875,-0.033986667946350205,0.06162239062598145,32.66278450145951
5288.328832883289,0.0521285087146124,0.06213069787429555,32.62538554298487
5289.028902890289,0.09454968500873842,0.06206989717961155,32.756853058228124
5289.72897289729,0.05907679596321718,0.06257078829413654,32.706782016118304
5290.42904290429,-0.02722909021055038,0.06301382267986229,32.56033999684316
5291.1291129112915,-0.08672599216494806,0.06294468234557014,32.64530429407941
5291.829182918292,-0.057120823739207856,0.06350754705147933,32.63409553868736
5292.529252925293,0.0308554361303726,0.06422451770954167,32.55936620952689
5293.229322932293,0.09335951827153079,0.06421061436916052,32.678903780242386
5293.929392939294,0.07917273903856054,0.06447795871475277,32.69927659798154
5294.629462946295,-0.0015550623579687725,0.06509692801031174,32.546458457429544
5295.329532953296,-0.07993217927629145,0.06504616281779638,32.57916631279089
5296.029602960296,-0.07666520574237093,0.06534986281653703,32.62905364243938
5296.729672967297,0.00543488141971984,0.06618065019667413,32.538622590846195
5297.429742974297,0.08487743628385667,0.06634355611486045,32.62484196879254
5298.1298129812985,0.09431431336328104,0.06637483838709944,32.7036112480134
5298.829882988299,0.025979221564475657,0.06704620031016677,32.57555074263362
5299.5299529953,-0.06480676960492114,0.06715043842572128,32.545225449543906
5300.2300230023,-0.09008582350357683,0.06719553303723266,32.6351849027632
5300.930093009301,-0.022137598297642197,0.06800374121005395,32.556778662541774
5301.630163016302,0.06921254384132397,0.0684191420055891,32.59572055188809
5302.330233023303,0.10299526732427405,0.0683019119997295,32.71197600626634
5303.030303030303,0.05289322926386394,0.06886998346582926,32.63242744857142
5303.730373037304,-0.04245171408692849,0.06921020041900747,32.547094055396606
5304.430443044304,-0.09529987886266562,0.06907707763381259,32.64274732851651
5305.130513051306,-0.049323140457107166,0.06972200869392339,32.60281069827149
5305.830583058306,0.0470794085867105,0.07038819163816774,32.59128487400438
5306.530653065307,0.10415873351130574,0.07026685208709171,32.71872820682136
5307.230723072307,0.07677641310776476,0.07060784488574565,32.70003600069354
5307.930793079308,-0.0148441583215929,0.07117266128218089,32.58247753140651
5308.630863086309,-0.09105856184911879,0.07100180438495537,32.647444766107164
5309.33093309331,-0.07322185887450647,0.07137991234079175,32.66089295553984
5310.03100310031,0.01986782291918014,0.0722170897834441,32.60925478920708
5310.731073107311,0.09727187007040398,0.07224172386014317,32.720328771214234
5311.431143114311,0.09550896952978942,0.07231505497691593,32.76182103577709
5312.131213121313,0.015456288208070197,0.07299860858526755,32.64210853172438
5312.831283128313,-0.07724086290329597,0.07294649283208827,32.650691377023925
5313.531353135314,-0.09094235497193212,0.0730257941540943,32.712370008665616
5314.231423142314,-0.010359878968475846,0.0738964401058658,32.64431640557505
5314.931493149315,0.08238936285263031,0.07417369780987469,32.71520915788531
5315.631563156316,0.10742225253390451,0.07403804163929852,32.80372341279567
5316.331633163317,0.04567729422584612,0.07467833788362804,32.71104332512562
5317.031703170317,-0.05491169358144562,0.07486132023905025,32.65661645394796
5317.731773177318,-0.10001866227649195,0.07469745631717314,32.7402709769517
5318.4318431843185,-0.04093361908450751,0.07544339013350608,32.686928321368335
5319.13191319132,0.06018419734913317,0.07600362265579456,32.70344762374855
5319.83198319832,0.11133198141326953,0.07579364148057428,32.81582270179709
5320.532053205321,0.07313207947841324,0.07623746893403173,32.77154447894913
5321.232123212321,-0.02613355034589152,0.07668426966586159,32.66753931512472
5321.9321932193225,-0.09882673170874895,0.07640906243734417,32.73488873287377
5322.632263226323,-0.06875144541865666,0.07689672854421513,32.722776370588484
5323.332333233324,0.03199164817814496,0.07768405283495805,32.68596226000352
5324.032403240324,0.10659809331488167,0.07756156853376421,32.79335170534086
5324.732473247325,0.09547078374122696,0.07772582647014908,32.80642119322022
5325.4325432543255,0.006330463354345299,0.07836115897339342,32.680681882389294
5326.132613261327,-0.08696215719961922,0.07814316133681085,32.69685564795013
5326.832683268327,-0.09059713504307172,0.07830503347510341,32.734285873239756
5327.532753275328,-0.00012447747348657084,0.07919126781243026,32.663060705229455
5328.232823282328,0.09316522720190003,0.07929161015247212,32.73692756155674
5328.9328932893295,0.11080340288538554,0.0791941930330385,32.80206629735395
5329.63296329633,0.039431419542984875,0.0798650142974673,32.68773961050974
5330.333033303331,-0.06533579462353961,0.07985224160748847,32.635249077678175
5331.033103310331,-0.10360961489498897,0.07971191400137961,32.70521902041794
5331.733173317332,-0.033435308717647036,0.08053097207767689,32.63250991852202
5332.433243324333,0.07160824268468607,0.08092095591938904,32.65189215267312
5333.133313331334,0.11778462284527043,0.08067096737064978,32.75074797656772
5333.833383338334,0.07020546146929112,0.08120622122128408,32.67693095023528
5334.533453345335,-0.036034320760267254,0.08147090170571303,32.561662985255516
5335.233523352335,-0.10577655494633766,0.08114054609129995,32.6272009111259
5335.933593359337,-0.06469434214854591,0.08173539211795319,32.58784027623681
5336.633663366337,0.04318386615352285,0.08239324850092103,32.546748146305255
5337.333733373338,0.11564009444394223,0.08214953762891203,32.651721952562525
5338.033803380338,0.09603760568722693,0.08242687189513857,32.636275741669756
5338.733873387339,-0.0019706100338865726,0.08293612317297662,32.48416948844091
5339.43394339434,-0.09633597679661873,0.0825837114187234,32.50440355465467
5340.134013401341,-0.09042931963634904,0.08285319678623078,32.518475672225016
5340.834083408341,0.009877482026135842,0.08367377901480814,32.430823874693026
5341.534153415342,0.10417666400272406,0.08359107807999885,32.51110254837579
5342.234223422342,0.1148173613681687,0.08358058456722478,32.55677197193263
5342.934293429344,0.03356687071573053,0.08420804507531693,32.404388565001604
5343.634363436344,-0.07597324360857266,0.08400256532838692,32.35253813055839
5344.334433443345,-0.10740966206573567,0.08393395913018278,32.41306137153429
5345.034503450345,-0.025587772972356763,0.08475746563755256,32.31139762401971
5345.734573457346,0.08383799627771643,0.08493796727836918,32.34058655085543
5346.434643464347,0.1250047924025577,0.0847079607011981,32.43468744225304
5347.134713471348,0.06732941907258888,0.08528298415197628,32.31819500412407
5347.834783478348,-0.04671711177715039,0.08533574290459697,32.192181220161615
5348.534853485348,-0.11319350519610132,0.08501120759179068,32.26571047678117
5349.2349234923495,-0.05987142886441326,0.08566867606391126,32.19086301005561
5349.93499349935,0.055760187704537854,0.08613122881433086,32.155349625393676
5350.635063506351,0.12566003740615256,0.08581954965106788,32.27260394357733
5351.335133513351,0.09642295165706878,0.08619221652271764,32.21859344504841
5352.035203520352,-0.01158839025040953,0.0865172718188033,32.04063892538949
5352.735273527353,-0.10661957524085919,0.08608954102469835,32.08186872600651
5353.435343534354,-0.0892811940531005,0.08645253344215484,32.06529477707744
5354.135413541354,0.021843703769034294,0.08712667646761749,31.97132545452262
5354.835483548355,0.11645598458033987,0.0868923848854754,32.079227795972415
5355.535553555355,0.11849088623588733,0.08698612640267744,32.09903461695638
5356.2356235623565,0.02589170927262507,0.08749720742019439,31.906928543730597
5356.935693569357,-0.08809568967009493,0.08714067779932796,31.87911546365065
5357.635763576358,-0.1102489926986277,0.0871601926384188,31.92623670660856
5358.335833583358,-0.01522351321946268,0.08790622660408691,31.80204277310628
5359.035903590359,0.09771917354836718,0.08787851596103043,31.868206420425704
5359.73597359736,0.13180696465901523,0.08771167777826189,31.95603323565227
5360.436043604361,0.062197124416355484,0.08825688640538773,31.79134143122935
5361.136113611361,-0.059543080501938586,0.08810992365889875,31.681384461028127
5361.836183618362,-0.11992499220793354,0.08783149161499687,31.766327320192005
5362.536253625362,-0.05205473059445078,0.08848143176147391,31.655270181483903
5363.236323632364,0.07047885379549555,0.08871950663688521,31.656301319849828
5363.936393639364,0.13528495752569453,0.08839315098943756,31.79067920135146
5364.636463646365,0.0941620539001921,0.08881203927620819,31.688156592771616
5365.336533653365,-0.02404532714967848,0.08893149099867897,31.510138047561714
5366.036603660366,-0.11674246560338454,0.08848034273956648,31.586453297827234
5366.736673667367,-0.08480893948733734,0.08888791684548503,31.530528949455963
5367.436743674368,0.03655536902191211,0.08936257398293583,31.46105717820599
5368.136813681368,0.1285006255059928,0.08902339468617311,31.609059829438852
5368.836883688369,0.1192073794387764,0.08920237893794598,31.589384151375977
5369.536953695369,0.014677376145319016,0.08954775965799684,31.377849265333868
5370.237023702371,-0.10081067423100201,0.08908853644024682,31.399338341113985
5370.937093709371,-0.10966251274083925,0.08917264781354298,31.419396574668717
5371.637163716372,-0.001411823115177833,0.08977488925762495,31.297984303441424
5372.337233723372,0.11171130945531706,0.08956671494885081,31.42180193439027
5373.037303730373,0.135450251147359,0.08947354120556324,31.488034942752616
5373.737373737374,0.05285111594931901,0.08992576028032942,31.28645258125985
5374.437443744375,-0.07389431352123337,0.08960970254652419,31.22623993126712
5375.137513751375,-0.12342917046544491,0.08937766495368359,31.31016377032162
5375.837583758376,-0.04005641060432791,0.08995179518730648,31.177177116119672
5376.5376537653765,0.08587121255549203,0.0899688607875572,31.242984262449873
5377.237723772378,0.14171096118533075,0.0896585307932668,31.38034563714062
5377.937793779378,0.08709222659964255,0.09006395656827441,31.229693362532828
5378.637863786379,-0.03907241558858447,0.08998164676119075,31.08869274739162
5379.337933793379,-0.12419653985647537,0.08952481276397295,31.195710836428184
5380.0380038003805,-0.0754887401146308,0.08991621809527703,31.100142437083825
5380.738073807381,0.05273634919470127,0.09017226498721788,31.088488103048544
5381.438143814382,0.13750660102878487,0.08976589873150617,31.267000557626343
5382.138213821382,0.11463152781655768,0.08998839409449241,31.197158674676476
5382.838283828383,-0.00017772079275518688,0.09014415718057302,31.000881102190547
5383.5383538353835,-0.1117479088159084,0.08960769933338242,31.079941810978458
5384.238423842385,-0.10375737259889516,0.08970960508604627,31.058695362869603
5384.938493849385,0.01486250307620471,0.09013250170247293,30.973671860563826
5385.638563856386,0.12306351540211963,0.0897764129247118,31.153486341551865
5386.338633863386,0.13347851093894406,0.08974008597020891,31.178062583429583
5387.0387038703875,0.03884755923865596,0.09005499516575746,30.966530081421386
5387.738773877388,-0.08764699949064735,0.08959217041544867,30.977785485540235
5388.438843884389,-0.12148909287185158,0.08937649652770208,31.038009604892206
5389.138913891389,-0.024459979381265137,0.08983078692299797,30.91015343641948
5389.83898389839,0.09932478009170795,0.08964705187110865,31.049715591449804
5390.539053905391,0.14241573421994697,0.08935892488865167,31.164015135532367
5391.239123912392,0.07445323653757051,0.08969970795296207,30.98034813894478
5391.939193919392,-0.054881101791694316,0.08942560652241655,30.908655486267552
5392.639263926393,-0.12651957788532833,0.08894912338462033,31.024069525499538
5393.339333933393,-0.06142772760720177,0.0892793877218356,30.9023153386962
5394.039403940395,0.06797609903370094,0.08932313950984923,30.96896524606956
5394.739473947395,0.14095304793354912,0.08887039453197962,31.150790464670077
5395.439543954396,0.10377517413792117,0.08909296948156377,31.031791458531107
