time,phi_center,pi_center,total_energy,core_energy,mean_r2,core_rms_radius
0.0,1.2038123105967418,0.0,36.112655694625644,36.11255673197873,8.027512736457314,2.8332865609495475
0.02,1.2037398500858891,-0.007248102219851051,36.112656108445194,36.11255701642117,8.026580738927242,2.8331220833079613
0.04,1.2035222199813023,-0.014521110128298112,36.112657348538924,36.11255786808587,8.023785913344355,2.8326287990741665
0.06,1.2031586749139493,-0.02184376998345104,36.11265941081753,36.112559281990215,8.019131760454535,2.8318071545312784
0.08,1.2026479727929746,-0.029240930650520452,36.112662288483776,36.11256124984775,8.012624113909405,2.830657894184567
0.1,1.201988374489167,-0.036737516100814806,36.112665972059766,36.112563760095036,8.004271138863574,2.829182061809309
0.12000000000000001,1.201177644002441,-0.044358317027192735,36.11267044942499,36.1125667979289,7.994083329979811,2.8273810019132215
0.14,1.200213048769457,-0.05212812390569212,36.112675705865,36.11257034535431,7.982073508811208,2.825256361608838
0.16,1.1990913595983812,-0.06007182519251704,36.11268172413048,36.11257438124234,7.968256820520678,2.822810092889828
0.18,1.1978088508659759,-0.06821422904175736,36.11268848450648,36.11257888139829,7.952650729889356,2.820044455303738
0.19999999999999998,1.1963613011383714,-0.07658006255362801,36.11269596489158,36.11258381863946,7.935275016556802,2.8169620190121134
0.21999999999999997,1.1947439936672601,-0.08519410585225509,36.11270414088653,36.1125891628824,7.916151769427421,2.8135656682273154
0.23999999999999996,1.1929517170184099,-0.0940810954253241,36.112712985892216,36.11259488123933,7.895305380168892,2.8098586050135856
0.25999999999999995,1.190978766269764,-0.10326563254593008,36.11272247121634,36.112600938123265,7.872762535720109,2.8058443534380357
0.27999999999999997,1.1888189444415163,-0.11277228005282199,36.11273256618843,36.11260729536143,7.8485522097178135,2.801526764055238
0.3,1.186465564104256,-0.12262554447463143,36.112743238282775,36.112613912316604,7.822705652742961,2.796910018706887
0.32,1.1839114496360597,-0.1328497515552342,36.1127544532487,36.11262074601587,7.795256381279946,2.7919986356157027
0.34,1.1811489400812016,-0.14346907014589874,36.1127661752476,36.11262775128616,7.766240165273904,2.7867974747501663
0.36000000000000004,1.178169892417373,-0.1545075357971019,36.11277836699622,36.11263488089626,7.735695014163797,2.7813117434339856
0.38000000000000006,1.1749656855748305,-0.16598893783763077,36.11279098991541,36.11264208570444,7.703661161261518,2.775547002171197
0.4000000000000001,1.171527225401171,-0.17793677005155992,36.11280400428405,36.11264931481133,7.670181046340178,2.769509170654645
0.4200000000000001,1.1678449504018653,-0.19037425114724196,36.11281736939694,36.11265651571738,7.635299296287773,2.763204533922122
0.4400000000000001,1.1639088384347465,-0.20332424021452905,36.112831043726416,36.112663634484015,7.599062703675991,2.756639748620772
0.46000000000000013,1.1597084146704588,-0.21680913557571768,36.11284498508675,36.112670615898196,7.561520203087508,2.749821849336336
0.48000000000000015,1.155232760778271,-0.23085085867782595,36.11285915080062,36.11267740363941,7.522722845039478,2.7427582549396288
0.5000000000000001,1.1504705253931278,-0.24547079006452033,36.11287349786684,36.11268394044849,7.482723767335199,2.735456774897969
0.5200000000000001,1.1454099361806365,-0.26068964212165513,36.11288798312873,36.112690168297604,7.441578163671266,2.72792561549454
0.5400000000000001,1.1400388136115254,-0.27652739186226477,36.11290256344205,36.112696028560556,7.3993432493227385,2.7201733858933954
0.5600000000000002,1.1343445864571573,-0.293003215730559,36.11291719584206,36.1127014621828,7.356078223725109,2.7122091039824174
0.5800000000000002,1.1283143092607866,-0.3101353551889618,36.11293183770859,36.1127064098504,7.311844229768477,2.704042201920761
0.6000000000000002,1.1219346820073153,-0.32794099873582516,36.11294644692844,36.112710812157246,7.266704309616674,2.6956825313112587
0.6200000000000002,1.1151920720257815,-0.34643619573782564,36.11296098205451,36.112714609769625,7.220723356862282,2.6871403679120083
0.6400000000000002,1.1080725383050414,-0.36563571903160913,36.11297540246043,36.11271774358787,7.173968064827302,2.6784264157947857
0.6600000000000003,1.100561858478886,-0.3855529090707152,36.11298966849035,36.11272015490385,7.126506870819233,2.6695518108512584
0.6800000000000003,1.0926455585802224,-0.4061995521452966,36.11300374160298,36.11272178555412,7.0784098961530395,2.660528123541084
0.7000000000000003,1.0843089456722996,-0.42758573719910165,36.11301758450905,36.11272257806786,7.029748881751515,2.6513673607690644
0.7200000000000003,1.075537143596561,-0.44971967619181186,36.11303116130165,36.11272247580892,6.980597119139716,2.6420819667716056
0.7400000000000003,1.0663151319715662,-0.47260754471677424,36.11304443757878,36.11272142311178,6.931029376653612,2.6326848228858712
0.7600000000000003,1.0566277885208575,-0.49625332665321803,36.113057380557365,36.11271936541033,6.8811218206890805,2.623189246068434
0.7800000000000004,1.0464599348784929,-0.5206586231862534,36.11306995917829,36.11271624935961,6.8309519318249095,2.613608986023906
0.8000000000000004,1.0357963860336574,-0.5458224646207976,36.113082144201854,36.11271202294958,6.780598415662776,2.6039582207982477
0.8200000000000004,1.02462200342644,-0.5717411402467858,36.11309390829319,36.11270663561081,6.730141108238338,2.594251550686313
0.8400000000000004,1.0129217517684914,-0.5984080065449361,36.11310522609729,36.11270003831176,6.6796608758708,2.584503990298874
0.8600000000000004,1.0006807596700769,-0.6258132865255506,36.11311607430322,36.11269218364728,6.629239509333789,2.574730958631171
0.8800000000000004,0.9878843840499966,-0.6539438909296621,36.11312643169726,36.112683025918344,6.578959612248185,2.564948266973076
0.9000000000000005,0.974518278269982,-0.6827832354856895,36.113136279204795,36.11267252120264,6.528904483617984,2.555172104500592
0.9200000000000005,0.9605684639619777,-0.7123110503381501,36.11314559992074,36.11266062741633,6.4791579944532804,2.5454190213898538
0.9400000000000005,0.9460214064331401,-0.7425032068598273,36.11315437912865,36.112647304366654,6.429804458450601,2.535705909298356
0.9600000000000005,0.9308640934511838,-0.7733315599915161,36.11316260430819,36.112632513795816,6.380928496729754,2.5260499790641027
0.9800000000000005,0.9150841172132024,-0.8047637905058791,36.113170265131416,36.11261621941603,6.332614896658603,2.516468735482045
1.0000000000000004,0.8986697592359937,-0.8367632632760152,36.113177353447846,36.11259838693641,6.2849484648326435,2.50697994902884
1.0200000000000005,0.881610077820902,-0.869288914855095,36.11318386325861,36.11257898408156,6.2380138743151745,2.4976016244219523
1.0400000000000005,0.8638949976889896,-0.9022951542705024,36.11318979068009,36.11255798060275,6.191895506286076,2.488351965917618
1.0600000000000005,0.8455154013423956,-0.9357317848208757,36.11319513389736,36.11253534828189,6.146677286292921,2.479249339274475
1.0800000000000005,0.8264632216270785,-0.9695439618177562,36.113199893108074,36.112511060928874,6.102442515347227,2.47031223033592
1.1000000000000005,0.8067315348750893,-1.0036721825338633,36.11320407045713,36.112485094373206,6.059273696160907,2.4615592002145523
1.1200000000000006,0.7863146539847959,-1.038052301073126,36.113207669963025,36.11245742645019,6.017252354873413,2.4530088370964775
1.1400000000000006,0.7652082207124974,-1.0726155891366835,36.113210697436244,36.11242803698277,5.976458858678172,2.4446797047216986
1.1600000000000006,0.7434092963726806,-1.1072888392721632,36.113213160390806,36.11239690775961,5.936972229817505,2.4365902876391643
1.1800000000000006,0.7209164500991815,-1.1419945063066015,36.11321506794946,36.11236402251038,5.898869956477869,2.4287589333809705
1.2000000000000006,0.6977298437696802,-1.1766508959761763,36.11321643074342,36.112329366878946,5.862227801181146,2.4212037917492912
1.2200000000000006,0.6738513126545179,-1.2111724062809552,36.113217260807595,36.11229292839557,5.827119607332575,2.4139427514613048
1.2400000000000007,0.6492844407856232,-1.2454698162154414,36.113217571472106,36.11225469644876,5.793617104650615,2.4069933744509173
1.2600000000000007,0.6240346300608547,-1.2794506213433319,36.11321737725099,36.112214662257855,5.761789714267923,2.40037282818064
1.2800000000000007,0.5981091620554746,-1.3130194266523212,36.11321669372902,36.11217281884721,5.731704354354636,2.394097816371469
1.3000000000000007,0.5715172515201966,-1.346078387210644,36.11321553744749,36.112129161022686,5.703425247174301,2.388184508611992
1.3200000000000007,0.5442700905786199,-1.378527697572891,36.11321392578981,36.11208368535151,5.677013728537696,2.382648469358771
1.3400000000000007,0.5163808826386029,-1.4102661271463435,36.11321187686788,36.11203639014617,5.652528060669648,2.3775045868871945
1.3600000000000008,0.4878648651255184,-1.4411916047037117,36.113209409410004,36.111987275453146,5.6300232495470635,2.372767002793798
1.3800000000000008,0.4587393201771734,-1.471201837728119,36.11320654265097,36.11193634304706,5.609550867801808,2.368449042686333
1.4000000000000008,0.4290235725444897,-1.500194969247962,36.11320329622529,36.11188359643113,5.591158884308367,2.364563148725017
1.4200000000000008,0.39873897405612563,-1.5280702647389615,36.113199690064036,36.11182904084414,5.57489150159231,2.3611208146963403
1.4400000000000008,0.36790887410818407,-1.5547288220911233,36.11319574429606,36.11177268327471,5.5607890022001225,2.3581325243081914
1.4600000000000009,0.33655857579668347,-1.5800742952558273,36.11319147915401,36.111714532483035,5.5488876051633005,2.355607693391092
1.4800000000000009,0.3047152774639868,-1.6040136277936028,36.11318691488564,36.11165459903046,5.539219333668433,2.3535546166741983
1.5000000000000009,0.2724079995793102,-1.6264577844910528,36.11318207167085,36.11159289531711,5.53181189501002,2.3519804197760705
1.520000000000001,0.23966749707894272,-1.6473224732862284,36.113176969544774,36.11152943562767,5.526688573853371,2.350891017008949
1.540000000000001,0.2065261574605917,-1.6665288447566322,36.11317162832707,36.11146423618516,5.523868139770979,2.350291075541704
1.560000000000001,0.17301788510832292,-1.6840041685852811,36.11316606755772,36.111397315212855,5.523364769937221,2.3501839864013245
1.580000000000001,0.13917797253540437,-1.699682464724993,36.11316030643923,36.11132869300386,5.5251879877738626,2.350571842716972
1.600000000000001,0.10504295939640515,-1.7135050920316766,36.11315436378552,36.11125839199826,5.529342618232807,2.3514554255253928
1.620000000000001,0.07065048031574785,-1.7254212781747975,36.113148257977116,36.11118643686728,5.535828760284433,2.352834197363774
1.640000000000001,0.03603910273241944,-1.7353885859679783,36.113142006922864,36.111112854604,5.5446417770505825,2.3547063037777307
1.660000000000001,0.0012481561308251884,-1.7433733077246778,36.113135628027656,36.11103767462007,5.5557723038826765,2.357068582770276
1.680000000000001,-0.03368244586056064,-1.7493507822926597,36.11312913816628,36.11096092884765,5.569206274539368,2.3599165821145816
1.700000000000001,-0.06871238888121207,-1.7533056297822307,36.11312255366279,36.11088265184597,5.584924965466611,2.363244584351482
1.720000000000001,-0.10380114507933046,-1.7552318982447679,36.113115890275246,36.110802880911486,5.602905058028515,2.36704563919425
1.740000000000001,-0.1389081624122308,-1.7551331226745364,36.11310916318553,36.11072165619091,5.623118718382024,2.371311602970395
1.7600000000000011,-0.17399305421883565,-1.7530222934966244,36.113102386993596,36.11063902079609,5.645533694535046,2.3760331846451654
1.7800000000000011,-0.20901578726685768,-1.7489217359012115,36.11309557571613,36.110555020919655,5.670113429978396,2.381199997895682
1.8000000000000012,-0.243936866503236,-1.742862900403755,36.113088742788754,36.11046970595064,5.696817193139556,2.386800618639847
1.8200000000000012,-0.2787175147700733,-1.7348860704166682,36.113081901071794,36.11038312858852,5.725600221772691,2.392822647371236
1.8400000000000012,-0.3133198458622043,-1.7250399892540886,36.11307506285886,36.11029534495513,5.7564138812771,2.3992527756110027
1.8600000000000012,-0.3477070293707589,-1.7133814130723772,36.11306823988801,36.11020641470278,5.789205835827076,2.406076855760654
1.8800000000000012,-0.38184344590514446,-1.6999745964091748,36.11306144335498,36.11011640111782,5.823920231101518,2.4132799736254222
1.9000000000000012,-0.41569483142486696,-1.6848907195966636,36.11305468392817,36.11002537121807,5.860497887323085,2.420846522876468
1.9200000000000013,-0.4492284095719718,-1.668207263159486,36.11304797176502,36.10993339584334,5.898876501254993,2.4287602807306845
1.9400000000000013,-0.48241301108474793,-1.6500073417637862,36.113041316529326,36.10984054973741,5.938990855759507,2.43700448414842
1.9600000000000013,-0.5152191795357857,-1.6303790053459422,36.1130347274093,36.109746911620675,5.980773035495727,2.445561905880881
1.9800000000000013,-0.5476192628469991,-1.6094145172063659,36.113028213135976,36.10965256425183,6.024152647325755,2.454414929739011
2.0000000000000013,-0.5795874902059868,-1.5872096177967692,36.11302178200185,36.109557594477764,6.069057044006599,2.463545624502741
2.0200000000000014,-0.6111000342205012,-1.5638627848608517,36.11301544187931,36.10946209327019,6.115411549770299,2.4729358159423183
2.0400000000000014,-0.6421350582990527,-1.5394744992085685,36.113009200238785,36.10936615574793,6.163139686434813,2.4825671564803264
2.0600000000000014,-0.6726727494424602,-1.514146520715853,36.113003064166485,36.10926988118367,6.212163398742469,2.492421192082604
2.0800000000000014,-0.7026953367833106,-1.487981187438467,36.11299704038144,36.109173372993936,6.262403277689558,2.502479426027227
2.1000000000000014,-0.7321870963525862,-1.4610807414159082,36.11299113525177,36.109076738711146,6.313778780688161,2.512723379261665
2.1200000000000014,-0.7611343426913191,-1.4335466883417973,36.112985354810206,36.10898008993661,6.366208447487889,2.523134647118122
2.1400000000000015,-0.789525408040514,-1.4054791952238899,36.112979704768634,36.108883542273254,6.419610110879042,2.5336949522148564
2.1600000000000015,-0.8173506099136121,-1.376976533452563,36.1129741905316,36.10878721523697,6.4739011012979315,2.5443861934262126
2.1800000000000015,-0.8446022079803704,-1.3481345660556265,36.11296881720895,36.10869123214546,6.528998444557828,2.5551904908553937
2.2000000000000015,-0.8712743512025856,-1.319046285941806,36.11296358962736,36.10859571998344,6.584819052033681,2.566090226791272
2.2200000000000015,-0.8973630162197735,-1.2898014041835983,36.11295851234085,36.10850080924306,6.641279902733516,2.577068082673315
2.2400000000000015,-0.9228659380301285,-1.260485989639339,36.11295358964033,36.108406633738596,6.698298216792977,2.588107072126842
2.2600000000000016,-0.9477825339763294,-1.2311821605226456,36.112948825562086,36.108313330394154,6.75579162003031,2.5991905701641635
2.2800000000000016,-0.97211382207202,-1.201967827121969,36.11294422389539,36.10822103900352,6.813678299296122,2.6103023386757562
2.3000000000000016,-0.9958623346778069,-1.1729164833301466,36.11293978818908,36.108129901961,6.871877148444425,2.621426548359581
2.3200000000000016,-1.0190320284890952,-1.1440970457519881,36.11293552175731,36.108040063962406,6.930307904837874,2.6325477972560867
2.3400000000000016,-1.0416281917784609,-1.1155737398885126,36.11293142768441,36.10795167167501,6.988891276380356,2.6436511260717355
2.3600000000000017,-1.0636573497642337,-1.0874060261991916,36.112927508828996,36.10786487337581,7.047549059143228,2.6547220304851558
2.3800000000000017,-1.0851271689355066,-1.059648568955764,36.112923767827176,36.107779818557006,7.106204245717759,2.665746470637776
2.4000000000000017,-1.1060463610924394,-1.0323512385964189,36.11292020709517,36.10769665749797,7.164781124485051,2.6767108780152276
2.4200000000000017,-1.1264245877993884,-1.0055591496878158,36.112916828831125,36.1076155408029,7.223205370046174,2.687602159927353
2.4400000000000017,-1.1462723658771081,-0.9793127269439814,36.112913635016376,36.10753661890344,7.281404125099452,2.6984077017936805
2.4600000000000017,-1.1656009744961455,-0.9536477979135524,36.112910627415935,36.10746004152555,7.339306074088844,2.709115367438021
2.4800000000000018,-1.1844223643613772,-0.9285957093118474,36.11290780757858,36.107385957120165,7.396841508977684,2.719713497590819
2.5000000000000018,-1.2027490694078626,-0.904183461681154,36.11290517683624,36.107314512256984,7.453942387525833,2.7301909067912877
2.520000000000002,-1.2205941213713105,-0.8804338610483955,36.1129027363029,36.107245850981045,7.51054238446611,2.740536878873574
2.540000000000002,-1.2379709675214852,-0.8573656830000055,36.112900486873016,36.10718011413181,7.566576935987937,2.7507411612123627
2.560000000000002,-1.2548933918027685,-0.8349938492795707,36.11289842921947,36.1071174386244,7.621983277943366,2.760793957893882
2.580000000000002,-1.2713754395505041,-0.8133296082489465,36.11289656379099,36.10705795669305,7.676700478192878,2.7706859219682185
2.600000000000002,-1.2874313459191884,-0.7923807251671781,36.11289489080925,36.107001795096494,7.730669463506825,2.780408146928581
2.620000000000002,-1.30307546810177,-0.7721516705451036,36.11289341026551,36.106949074285865,7.7838330414329535,2.789952157552698
2.640000000000002,-1.3183222213719894,-0.7526438136222824,36.11289212191685,36.10689990753484,7.83613591753204,2.7993099002311337
2.660000000000002,-1.3331860189509803,-0.7338556116033697,36.11289102528217,36.106854400032894,7.887524708372404,2.808473732896999
2.680000000000002,-1.3476812156624787,-0.715782798506781,36.11289011963771,36.10681264794209,7.937947950660748,2.817436414661518
2.700000000000002,-1.3618220553023404,-0.6984185680641106,36.11288940401249,36.106774737417915,7.987356106871506,2.8261910952501967
2.720000000000002,-1.3756226216371266,-0.6817537526001215,36.112888877183266,36.10674074359546,8.03570156772007,2.834731304324992
2.740000000000002,-1.3890967929044507,-0.6657769948319452,36.11288853766951,36.10671072954173,8.08293865180756,2.843050940769011
2.760000000000002,-1.4022581996856913,-0.6504749132819202,36.11288838372805,36.106684745175414,8.12902360274616,2.851144262001865
2.780000000000002,-1.4151201859942835,-0.6358322582592254,36.11288841334774,36.10666282615573,8.17391458405487,2.8590058733858648
2.800000000000002,-1.4276957734127267,-0.6218320602453428,36.112888624243986,36.1066449927418,8.21757167209621,2.866630717775872
2.820000000000002,-1.4399976281085232,-0.6084557694975472,36.11288901385334,36.106631248624595,8.25995684730499,2.8740140652587263
2.840000000000002,-1.4520380305292682,-0.5956833850638051,36.112889579328154,36.10662157973347,8.30103398394098,2.8811515031217954
2.860000000000002,-1.4638288476126942,-0.5834935754034213,36.112890317531395,36.106615953019634,8.340768838578438,2.8880389260843486
2.880000000000002,-1.475381507284231,-0.5718637892202457,36.11289122503174,36.10661431521909,8.379129037526866,2.894672526820066
2.900000000000002,-1.486706975086034,-0.5607703547626677,36.112892298098885,36.10661659159786,8.416084063359625,2.901048786794118
2.920000000000002,-1.4978157327010322,-0.5501885725947145,36.112893532699474,36.1066226846825,8.451605240709643,2.9071644674337986
2.940000000000002,-1.5087177582135989,-0.5400927947754925,36.11289492449335,36.10663247297909,8.485665721475025,2.9130166016476844
2.960000000000002,-1.5194225078869275,-0.5304564985194832,36.11289646883052,36.1066458096844,8.518240469561675,2.918602485704704
2.980000000000002,-1.5299388992837166,-0.5212523461891101,36.112898160748884,36.10666252139275,8.549306245275071,2.9239196714812588
3.000000000000002,-1.54027529553724,-0.5124522403147748,36.11289999497273,36.10668240680274,8.578841589459461,2.9289659590817134
3.0200000000000022,-1.5504394905926602,-0.5040273663373992,36.11290196591228,36.106705235428024,8.606826807469417,2.9337393898349964
3.0400000000000023,-1.560438695239711,-0.4959482281788868,36.11290406766416,36.10673074631664,8.633243953046614,2.938238239667882
3.0600000000000023,-1.5702795237673226,-0.4881846758771869,36.11290629401325,36.10675864678366,8.658076812163177,2.942461012853556
3.0800000000000023,-1.579967981077001,-0.4807059230031304,36.112908638435655,36.106788611162024,8.681310886882514,2.9464064361324143
3.1000000000000023,-1.589509450084928,-0.47348055868467914,36.11291109410323,36.10682027957699,8.702933379278893,2.9500734532005968
3.1200000000000023,-1.5989086792655014,-0.4664765497924715,36.112913653889514,36.10685325674946,8.72293317544817,2.953461219560563
3.1400000000000023,-1.6081697701918656,-0.45966123749395865,36.11291631037731,36.1068871108339,8.741300829634204,2.9565690977269927
3.1600000000000024,-1.617296164915815,-0.4530013261809998,36.11291905586812,36.10692137229691,8.758028548488198,2.959396652780461
3.1800000000000024,-1.626290633067984,-0.4464628661224979,36.11292188239314,36.10695553284221,8.773110175471942,2.961943648260706
3.2000000000000024,-1.6351552585363684,-0.4400112284162067,36.112924781726385,36.10698904438877,8.786541175410122,2.9642100423907416
3.2200000000000024,-1.6438914256052268,-0.43361107572814306,36.112927745399624,36.10702131810808,8.798318619192209,2.966195984622764
3.2400000000000024,-1.6524998044333585,-0.42722632665891214,36.11293076471942,36.107051723527796,8.80844116861992,2.9679018124964847
3.2600000000000025,-1.6609803357681119,-0.42082011412939907,36.11293383078613,36.10707958770791,8.816909061393062,2.969328048800446
3.2800000000000025,-1.6693322147790453,-0.41435473934631467,36.11293693451508,36.10710419449699,8.82372409622346,2.9704753990268054
3.3000000000000025,-1.6775538739273879,-0.40779162129953817,36.11294006665979,36.107124783875264,8.828889618064638,2.97134474911018
3.3200000000000025,-1.6856429647780307,-0.40109124199821267,36.11294321783732,36.107140551391616,8.832410503443281,2.9719371634412597
3.3400000000000025,-1.6935963386680681,-0.39421308647423453,36.112946378555634,36.107150647702134,8.834293145877517,2.972253883146175
3.3600000000000025,-1.7014100261636076,-0.3871155820026277,36.11294953924304,36.1071541782172,8.834545441366764,2.972296324622894
3.3800000000000026,-1.7090792152486254,-0.3797560321616823,36.112952690279535,36.10715020286446,8.83317677393804,2.9720660783263284
3.4000000000000026,-1.7165982281715497,-0.37209054855503715,36.112955822030074,36.10713773597543,8.830198001234342,2.9715649077942654
3.4200000000000026,-1.7239604969410356,-0.36407398312878414,36.11295892487955,36.1071157463025,8.825621440132196,2.9707947489067963
3.4400000000000026,-1.7311585374028275,-0.3556598566473609,36.11296198926943,36.10708315717412,8.819460852377098,2.9697577093724496
3.4600000000000026,-1.738183921915529,-0.34680028753326064,36.11296500573589,36.10703884679518,8.811731430228114,2.968456068434922
3.4800000000000026,-1.7450272506063265,-0.337445922438276,36.11296796494925,36.10698164869968,8.802449782105747,2.966892276794988
3.5000000000000027,-1.7516781212252526,-0.3275458655945566,36.1129708577545,36.10691035236269,8.791633918240425,2.965068956742899
3.5200000000000027,-1.7581250976361384,-0.31704761358225125,36.11297367521277,36.10682370397851,8.779303236322995,2.962988902497442
3.5400000000000027,-1.764355677011618,-0.30589699010932714,36.112976408643526,36.10672040741137,8.765478507162754,2.960655080748643
3.5600000000000027,-1.770356255787281,-0.29403808877561005,36.11297904966696,36.10659912532532,8.75018186036327,2.958070631402041
3.5800000000000027,-1.7761120945154563,-0.28141321933370034,36.11298159024687,36.106458480499036,8.733436770031407,2.95523886852339
3.6000000000000028,-1.781607281732694,-0.2679628637227235,36.11298402273313,36.10629705733164,8.715268040540401,2.952163281483665
3.6200000000000028,-1.7868246970273276,-0.25362564007687766,36.11298633990386,36.106113403544455,8.695701792373548,2.9488475363052506
3.640000000000003,-1.791745973511637,-0.23833827957684234,36.11298853500683,36.105906032084164,8.67476544808114,2.945295477211266
3.660000000000003,-1.796351459950947,-0.22203561649784853,36.11299060179977,36.10567342323143,8.652487718389535,2.941511128381046
3.680000000000003,-1.8006201828522113,-0.2046505931606586,36.11299253458942,36.10541402691925,8.628898588507466,2.937498695915875
3.700000000000003,-1.8045298088567683,-0.1861142862879671,36.11299432826866,36.105126265264595,8.60402930468113,2.9332625700201356
3.720000000000003,-1.8080566078473244,-0.16635595299828396,36.11299597835178,36.10480853531598,8.577912361055871,2.928807327404087
3.740000000000003,-1.8111754172353798,-0.14530310344417968,36.112997481007255,36.10445921201954,8.550581486908262,2.9241377339154635
3.760000000000003,-1.8138596079630107,-0.12288160002670337,36.11299883308783,36.10407665140509,8.522071634318102,2.919258747407996
3.780000000000003,-1.8160810528310491,-0.0990157911532931,36.11300003215758,36.10365919399312,8.492418966355066,2.914175520855782
3.800000000000003,-1.817810097838332,-0.07362867948313119,36.113001076515616,36.10320516842298,8.461660845859049,2.9088934057230507
3.820000000000003,-1.8190155373056212,-0.04664213298142916,36.11300196521611,36.10271289530153,8.429835824896857,2.9034179555993753
3.840000000000003,-1.819664593640043,-0.0179771391798372,36.11300269808443,36.102180691270796,8.396983634980007,2.8977549301105516
3.860000000000003,-1.8197229027002506,0.012445888529158143,36.11300327572897,36.10160687329244,8.363145178129287,2.8919102991153247
3.880000000000003,-1.8191545058284924,0.04470675056023454,36.113003699548614,36.1009897631456,8.328362518870584,2.885890247197662
3.900000000000003,-1.8179218496810114,0.07888503957649104,36.1130039717355,36.10032769213398,8.292678877243265,2.87970117846336
3.920000000000003,-1.815985795146499,0.1150596527333588,36.11300409527283,36.099619005997,8.256138622896549,2.8733497216483324
3.940000000000003,-1.8133056367009421,0.1533082345338712,36.11300407392766,36.09886207001861,8.218787270340595,2.866842735543859
3.960000000000003,-1.8098391336883848,0.1937065418703353,36.11300391223861,36.09805527432667,8.18067147540672,2.8601873147412427
3.980000000000003,-1.8055425550764257,0.23632772889061038,36.113003615498044,36.097197039374244,8.141839032954943,2.853390795694649
4.000000000000003,-1.8003707393729607,0.2812415468710667,36.1130031897291,36.0962858215934,8.10233887584662,2.8464607630962737
4.020000000000002,-1.7942771714383576,0.32851345387882935,36.113002641657154,36.095320119210676,8.06222107517427,2.839405056552212
4.040000000000002,-1.787214078003234,0.378203632476716,36.11300197867603,36.09429847821255,8.021536841709828,2.832231777540431
4.060000000000001,-1.7791325437685601,0.43036591591011886,36.113001208808654,36.093219498447425,7.98033852849573,2.824949296623876
4.080000000000001,-1.769982649960148,0.485046616602109,36.1130003406626,36.09208183985021,7.938679634459913,2.8175662608818826
4.1000000000000005,-1.7597136372196323,0.5422832620786507,36.11299938338031,36.090884228773696,7.8966148088859835,2.810091601511592
4.12,-1.7482740946638609,0.602103244239404,36.11299834658443,36.08962546441003,7.85419985651273,2.802534541537843
4.14,-1.7356121768483834,0.6645223810237497,36.11299724031821,36.08830442528418,7.811491742972976,2.794904603555008
4.159999999999999,-1.721675850248707,0.7295434053018595,36.112996074981325,36.086920075800215,7.768548600210426,2.7872116174073374
4.179999999999999,-1.7064131706363197,0.7971543872791489,36.11299486126138,36.08547147281992,7.7254297314346765,2.7794657276956443
4.199999999999998,-1.6897725924849591,0.8673271123472608,36.112993610061395,36.083957772251765,7.682195615089796,2.7716774009775733
4.219999999999998,-1.6717033111867665,0.9400154269581276,36.11299233242345,36.08237823562762,7.6389079072211095,2.7638574325064433
4.2399999999999975,-1.6521556384410396,1.0151535784172445,36.1129910394492,36.08073223664299,7.595629441529518,2.7560169523298503
4.259999999999997,-1.6310814106370597,1.092654580689973,36.11298974221714,36.07901926763543,7.552424226304341,2.7481674305442785
4.279999999999997,-1.6084344295008968,1.1724086291045681,36.11298845169757,36.07723894597494,7.509357437326008,2.7403206814761676
4.299999999999996,-1.584170933527514,1.254281612501507,36.1129871786653,36.07539102033893,7.466495405731636,2.732488866533885
4.319999999999996,-1.558250097978661,1.338113752883129,36.11298593361078,36.07347537684323,7.423905599742537,2.7246844954494343
4.339999999999995,-1.530634560350335,1.4237184249622812,36.112984726650105,36.07149204500004,7.381656599066191,2.7169204256043624
4.359999999999995,-1.5012909672569958,1.5108812046971514,36.11298356743433,36.06944120347253,7.339818060710549,2.7092098591121636
4.379999999999995,-1.4701905377111448,1.5993591898073898,36.11298246505879,36.06732318559499,7.2984606748896805,2.701566337310576
4.399999999999994,-1.4373096367173586,1.6888806557124107,36.11298142797295,36.06513848462731,7.2576561096616405,2.6940037323028414
4.419999999999994,-1.4026303520610566,1.7791450896093914,36.11298046389135,36.06288775871118,7.217476942927029,2.6865362351784925
4.439999999999993,-1.3661410661252635,1.8698236609504988,36.11297957970646,36.060571835495416,7.177996580434947,2.679178340543038
4.459999999999993,-1.3278370136128785,1.9605601689269108,36.112978781404,36.058191716397786,7.139289158496771,2.6719448269933963
4.479999999999992,-1.2877208151351274,2.0509725141610486,36.112978073981566,36.05574858046926,7.10142943020232,2.6648507331935725
4.499999999999992,-1.2458029758926403,2.1406547216325675,36.11297746137146,36.05324378782833,7.064492634070565,2.6579113292340217
4.519999999999992,-1.2021023381449065,2.229179543131243,36.11297694636844,36.050678882631274,7.028554344252208,2.6511420829997414
4.539999999999991,-1.156646475768719,2.31610164493856,36.11297653056352,36.04805559554581,6.993690301634576,2.6445586213269268
4.559999999999991,-1.1094720192451972,2.400961376889367,36.1129762142846,36.04537584569508,6.959976225481385,2.6381766857967235
4.57999999999999,-1.0606248995897274,2.4832891012037237,36.112975996545266,36.04264174203994,6.92748760556871,2.632012083097019
4.59999999999999,-1.010160500464594,2.562610039370703,36.11297587500253,36.03985558416781,6.896299475150192,2.626080629978865
4.6199999999999894,-0.9581437086180237,2.638449580211157,36.112975845924886,36.0370198624573,6.866486165493004,2.6203980929417967
4.639999999999989,-0.9046488542425396,2.7103389658701436,36.1129759041716,36.03413725758903,6.838121043162761,2.6149801229001266
4.659999999999989,-0.8497595345606771,2.7778212634879504,36.11297604318436,36.03121063937352,6.811276231689845,2.6098421852077274
4.679999999999988,-0.7935683160988765,2.84045750705584,36.11297625499235,36.02824306486909,6.786022319708548,2.604999485548615
4.699999999999988,-0.736176313484676,2.897832879027398,36.11297653023144,36.02523777576356,6.762428058109722,2.600466892331014
4.719999999999987,-0.6776926453234785,2.9495627976172094,36.112976858178406,36.0221981949953,6.740560049171592,2.5962588563491877
4.739999999999987,-0.6182337705332019,2.9952987600403915,36.11297722680047,36.01912792259093,6.720482431015651,2.5923893285954662
4.7599999999999865,-0.5579227114280698,3.034733798128165,36.112977622820615,36.01603073069878,6.702256561059468,2.5888716772098745
4.779999999999986,-0.4968881727948215,3.067607401990881,36.1129780317985,36.012910557799245,6.685940702390436,2.585718604641742
4.799999999999986,-0.43526356891898693,3.0937097797154887,36.11297843822661,36.00977150207548,6.671589717151072,2.5829420661623583
4.819999999999985,-0.3731859730914182,3.112885331011237,36.11297882564103,36.00661781393003,6.659254771096691,2.5805531909063006
4.839999999999985,-0.310795006301718,3.1250352401686894,36.11297917674563,36.003453887635885,6.6489830534531,2.5785622066285505
4.859999999999984,-0.24823168355117967,3.130119111454657,36.11297947354842,36.00028425211291,6.64081751606177,2.576978369343012
4.879999999999984,-0.18563723748682248,3.128155595656454,36.11297969750823,35.99711356082364,6.6347966355537915,2.5758098989548492
4.8999999999999835,-0.12315193968447474,3.1192219977789266,36.1129798296898,35.99394658078585,6.630954201946845,2.575063921914725
4.919999999999983,-0.060913940006916384,3.1034528676067867,36.112979850924866,35.99078818070244,6.6293191366208415,2.5747464218095035
4.939999999999983,0.0009418561151944174,3.081037624155067,36.11297974197719,35.98764331821289,6.629915342110919,2.57486219866441
4.959999999999982,0.06228485369032361,3.0522172762947046,36.11297948370862,35.98451702627462,6.632761585577609,2.575414837570369
4.979999999999982,0.12298976038699097,3.0172803381830358,36.11297905724396,35.981414398686354,6.637871417191873,2.5764066870724958
4.999999999999981,0.18293748992031802,2.9765580534957774,36.11297844413218,35.97834057477026,6.645253124027805,2.5778388475674356
5.019999999999981,0.24201596408336437,2.9304190576908553,36.11297762650158,35.975300723233694,6.6549097194087095,2.579711169764691
5.0399999999999805,0.30012080359038557,2.8792636206936084,36.112976587206795,35.97230002523654,6.666838967023508,2.582022263076658
5.05999999999998,0.3571559008235999,2.8235176188235696,36.112975309965954,35.96934365669453,6.681033438538604,2.5847695136198516
5.07999999999998,0.4130338704506792,2.7636263759461603,36.112973779486396,35.96643676985404,6.697480602892306,2.5879491113413158
5.099999999999979,0.46767637682042723,2.700048520019068,36.11297198157756,35.963584474178816,6.716162944988214,2.5915560856343074
5.119999999999979,0.5210143397116987,2.633249984128927,36.11296990325056,35.96079181659407,6.737058111111229,2.59558434867974
5.139999999999978,0.5729880224939276,2.5636982656737124,36.11296753280351,35.95806376113844,6.76013907808162,2.6000267456473636
5.159999999999978,0.6235470089793094,2.4918570497995436,36.1129648598928,35.95540516807946,6.785374342942498,2.604875110814816
5.1799999999999775,0.6726500770411316,2.4181812757394723,36.11296187559,35.95282077255255,6.812728129843692,2.6101203286139305
5.199999999999977,0.7202649785444739,2.3431127112056505,36.11295857242524,35.95031516278938,6.842160610737095,2.6157523985914826
5.219999999999977,0.7663681362385721,2.2670760785057125,36.11295494441707,35.94789275800497,6.8736281365296295,2.6217605032743987
5.239999999999976,0.8109442689148514,2.190475759274283,36.112950987090116,35.94555778601837,6.9070834754413,2.628133077955015
5.259999999999976,0.8539859565281513,2.1136930855341913,36.112946697481,35.943314260685604,6.942476055478493,2.6348578814574597
5.279999999999975,0.8954931569445711,2.037084208803201,36.11294207413369,35.941165959227924,6.979752208145814,2.6419220670083767
5.299999999999975,0.9354726857415565,1.9609785322904558,36.112937117085224,35.93911639954206,7.01885541077246,2.6493122524105117
5.3199999999999745,0.9739376699565363,1.885677667109142,36.11293182784286,35.937168817583114,7.059726525110501,2.657014588802723
5.339999999999974,1.0109069859560083,1.8114548814019833,36.11292620935362,35.93532614491382,7.102304030161955,2.6650148273812575
5.359999999999974,1.0464046907692202,1.7385549886906952,36.112920265967155,35.93359098651709,7.146524247499762,2.673298383551631
5.379999999999973,1.080459455204793,1.6671946312896613,36.112914003393065,35.9319655989713,7.19232155765573,2.6818503980751296
5.399999999999973,1.1131040061280346,1.5975629010947174,36.11290742865309,35.93045186909046,7.239628606449143,2.690655794866587
5.419999999999972,1.1443745841207011,1.52982225124381,36.11290055002928,35.929051293132765,7.288376500416734,2.6996993351884084
5.439999999999972,1.1743104218108746,1.4641096407436833,36.11289337700862,35.927764956683575,7.338494990773124,2.7089656680683727
5.4599999999999715,1.2029532470479702,1.4005378680440053,36.112885920224784,35.92659351531901,7.389912645577378,2.7184393768442545
5.479999999999971,1.2303468142235565,1.3391970442974819,36.11287819139743,35.92553717615768,7.442557010003192,2.728105021806014
5.499999999999971,1.2565364661163414,1.2801561651328068,36.11287020326952,35.92459568040842,7.496354754806143,2.7379471789656833
5.51999999999997,1.2815687278450498,1.2234647441824384,36.11286196954308,35.923768287021254,7.5512318132510785,2.7479504750360912
5.53999999999997,1.3054909338073286,1.169154473128904,36.11285350481352,35.92305375754828,7.607113506906054,2.7580996187422335
5.559999999999969,1.328350887860894,1.117240881313875,36.11284482450301,35.92245034232045,7.663924660827161,2.76837942862375
5.579999999999969,1.3501965564651122,1.0677249687190555,36.11283594479291,35.92195576804346,7.721589708752867,2.778774857514165
5.599999999999969,1.3710757940668024,1.0205947940926479,36.11282688255563,35.921567226914654,7.7800327889981435,2.7892710139027623
5.619999999999968,1.3910360996480557,0.9758270005019466,36.11281765528583,35.921281367359434,7.839177831790211,2.799853180398967
5.639999999999968,1.4101244030736904,0.9333882685336952,36.11280828103135,35.92109428648239,7.89894863882093,2.8105068295275375
5.659999999999967,1.4283868796579127,0.8932366834553357,36.11279877832377,35.92100152432448,7.959268955807889,2.821217637086492
5.679999999999967,1.4458687912119,0.8553230149393438,36.11278916610881,35.92099806001278,8.020062538859282,2.831971493299197
5.699999999999966,1.462614351748529,0.8195919031484179,36.11277946367671,35.9210783098846,8.08125321542854,2.8427545119880717
5.719999999999966,1.4786666159522983,0.7859829493228129,36.11276969059254,35.921236127661594,8.142764940625609,2.8535530379906398
5.739999999999966,1.4940673885232365,0.7544317116699566,36.112759866626604,35.921464806743465,8.204521849624344,2.8643536530296574
5.759999999999965,1.5088571524964203,0.7248706087514762,36.1127500116852,35.92175708468417,8.26644830687115,2.87514318023836
5.779999999999965,1.523075014732602,0.6972297320384803,36.11274014574151,35.922105149905775,8.328468952760874,2.885908687529956
5.799999999999964,1.536758666771136,0.6714375725443962,36.112730288766976,35.92250065069764,8.390508748402594,2.8966374899877607
5.819999999999964,1.5499443593930284,0.6474216640468259,36.11272046066319,35.92293470653989,8.45249301905184,2.907317151439079
5.839999999999963,1.5626668892692106,0.6251091497502833,36.1127106811945,35.923397921781444,8.51434749673817,2.9179354853625825
5.859999999999963,1.574959596209454,0.6044272772232246,36.112700969921235,35.92388040169345,8.575998362568235,2.928480555265518
5.879999999999963,1.5868543696314283,0.5853038252971583,36.11269134613396,35.92437177090937,8.637372289135602,2.9389406746539817
5.899999999999962,1.5983816629227336,0.567667468930892,36.11268182878872,35.92486119425257,8.698396483420053,2.9493044067067835
5.919999999999962,1.609570514571872,0.5514480892646859,36.11267243644348,35.92533739994199,8.758998730511594,2.9595605637512463
5.939999999999961,1.6204485749411193,0.5365770321163924,36.11266318719588,35.925788705155725,8.819107438447872,2.969698206627716
5.959999999999961,1.6310421377337083,0.52298731758761,36.11265409862256,35.9262030439212,8.878651684409057,2.9797066440186786
5.9799999999999605,1.641376175264833,0.5106138117139709,36.112645187720005,35.92656799728919,8.93756126247123,2.9895754318082073
5.99999999999996,1.651474376751481,0.4993933575674532,36.112636470847434,35.92687082573808,8.995766733078202,2.9992943725280123
6.01999999999996,1.6613591889094792,0.48926487602852,36.112627963671414,35.927098503742535,9.053199474352967,3.0088535149377025
6.039999999999959,1.6710518582414104,0.480169434816593,36.11261968111292,35.92723775642983,9.109791735332948,3.018243153778858
6.059999999999959,1.6805724744723676,0.47205029311631835,36.11261163729652,35.92727509823502,9.165476691178842,3.027453829735285
6.079999999999958,1.689940014622397,0.46485292375316956,36.11260384550222,35.927196873454946,9.220188500374352,3.0364763296252373
6.099999999999958,1.6991723873345173,0.45852501481089175,36.11259631812,35.92698929858966,9.273862363903843,3.0453016868454665
6.1199999999999575,1.7082864770660946,0.4530164559622819,36.11258906660711,35.92663850634848,9.326434586366958,3.053921182081646
6.139999999999957,1.7172981878337834,0.4482793078921479,36.112582101448545,35.92613059118737,9.377842638963088,3.062326344294985
6.159999999999957,1.726222486268861,0.44426776277959823,36.11257543212067,35.92545165623331,9.428025224254647,3.070508951990638
6.179999999999956,1.735073443716417,0.44093809096086245,36.11256906705824,35.924587861441346,9.476922342595937,3.0784610347697985
6.199999999999956,1.743864277227703,0.43824858209914147,36.112563013624936,35.92352547282047,9.52447536009417,3.0861748751641036
6.219999999999955,1.7526073892615472,0.43615947556640217,36.1125572780876,35.92225091255452,9.570627077950661,3.093643010748115
6.239999999999955,1.7613144059821553,0.43463288939508404,36.112551865594256,35.920750809836605,9.615321803013376,3.1008582365231367
6.2599999999999545,1.7699962140364185,0.43363274057282386,36.11254678015618,35.91901205222675,9.658505419356771,3.1078136075634863
6.279999999999954,1.778662995734817,0.4331246649328835,36.11254202463388,35.91702183733538,9.70012546069097,3.1145024419144334
6.299999999999954,1.7873242625693448,0.43307593070107947,36.11253760072742,35.914767724628945,9.740131183390009,3.120918323729413
6.319999999999953,1.7959888870271565,0.433455354147305,36.1125335089709,35.91223768714773,9.778473639917753,3.127055106632717
6.339999999999953,1.8046651326410157,0.43423320931255627,36.11252974873126,35.909420162921485,9.815105752420124,3.1329069172926483
6.359999999999952,1.8133606822948345,0.43538114137727607,36.11252631821164,35.90630410586414,9.849982386243672,3.1384681591890766
6.379999999999952,1.8220826647110717,0.43687207537672984,36.11252321445893,35.902879035926084,9.883060423132738,3.143733516558415
6.3999999999999515,1.830837679178241,0.4386801268086906,36.112520433376034,35.89913508828035,9.914298833850848,3.1486979584982184
6.419999999999951,1.8396318184569957,0.44078051307271543,36.1125179697384,35.89506306131792,9.943658749966232,3.1533567432128944
6.439999999999951,1.8484706899129584,0.44314946199249755,36.11251581721514,35.890654463227726,9.971103534536466,3.157705422381332
6.45999999999995,1.8573594348528866,0.44576412527684267,36.11251396839447,35.88590155693772,9.996598851423382,3.1617398456266734
6.47999999999995,1.8663027460799795,0.4486024865016021,36.11251241481356,35.8807974031959,10.020112732965872,3.1654561650678206
6.499999999999949,1.8753048836913602,0.4516432761738833,36.1125111469926,35.87533590157325,10.041615645736181,3.168850839931754
6.519999999999949,1.8843696891031279,0.45486588142216455,36.11251015447311,35.86951182917547,10.061080554103151,3.171920641205128
6.5399999999999485,1.8935005973304115,0.45825025985770274,36.112509425860125,35.863320876855475,10.078482981325163,3.1746626563030538
6.559999999999948,1.9027006475087433,0.461776852234156,36.11250894886858,35.85675968272593,10.093801067895106,3.177074293732381
6.579999999999948,1.9119724916931253,0.4654264950371692,36.11250871037307,35.849825862778545,10.107015626860237,3.179153287726189
6.599999999999947,1.9213184018948775,0.469180332868686,36.11250869646141,35.84251803842604,10.118110195840796,3.18089770282554
6.619999999999947,1.9307402753934837,0.4730197330818772,36.112508892491405,35.834835860792616,10.127071085473325,3.182305938383883
6.639999999999946,1.940239638293122,0.47692619633448347,36.11250928315077,35.82678003159006,10.1338874240071,3.183376732968798
6.659999999999946,1.9498176473202167,0.48088126953833416,36.11250985251986,35.818352320428396,10.138551197785707,3.1841091686350373
6.6799999999999455,1.959475089861954,0.48486645650325466,36.112510584136984,35.80955557842343,10.14105728734993,3.1845026750420433
6.699999999999945,1.9692123821961403,0.48886312841802115,36.11251146106615,35.80039374797722,10.141403498903408,3.1845570333883813
6.719999999999945,1.979029565931724,0.4928524306413735,36.11251246596662,35.79087186862242,10.139590590888538,3.1842723801346735
6.739999999999944,1.9889263025816457,0.49681519284995374,36.11251358116433,35.78099607883728,10.135622295427197,3.183649210485853
6.759999999999944,1.998901866271246,0.5007318315090996,36.112514788724624,35.77077361375428,10.129505334389028,3.1826883816027336
6.779999999999943,2.0089551345202556,0.5045822524767367,36.11251607052599,35.76021279870216,10.121249429859274,3.181391115512092
6.799999999999943,2.019084577064558,0.5083457539545156,36.11251740833468,35.749323038539636,10.110867308788526,3.179759001683701
6.8199999999999426,2.029288242637739,0.5120009212176837,36.11251878387944,35.73811480275582,10.098374701618518,3.1777939992420086
6.839999999999942,2.0395637436800125,0.5155255218003774,36.11252017892645,35.72659960633235,10.083790334690987,3.175498438779491
6.859999999999942,2.04990823889438,0.5188963953858517,36.11252157535392,35.714789986379955,10.067135916261089,3.1728750237381065
6.879999999999941,2.0603184135733565,0.5220893417325903,36.112522955225884,35.70269947458206,10.048436115952484,3.1699268313247364
6.899999999999941,2.0707904576026492,0.5250790011675316,36.11252430086503,35.690342565496564,10.02771853750877,3.1666573129261666
6.91999999999994,2.081320041087539,0.5278387337240694,36.112525594924264,35.677734680787104,10.005013684714356,3.163070293988794
6.93999999999994,2.091902287460284,0.5303404911576742,36.112526820456324,35.66489212947324,9.980354920378714,3.159169973328234
6.95999999999994,2.1025317440059648,0.5325546837825029,36.11252796098158,35.651832064309026,9.953778418299535,3.154960921833983
6.979999999999939,2.1132023496615324,0.5344500431921794,36.112529000553316,35.63857243441761,9.925323108144225,3.1504480805346127
6.999999999999939,2.1239073999977442,0.5359934765764264,36.11252992382056,35.62513193432819,9.89503061321424,3.145636757989428
7.019999999999938,2.134639509255654,0.5371499176391671,36.112530716087655,35.61152994957949,9.862945181083777,3.1405326269732936
7.039999999999938,2.145390569285031,0.5378821678479512,36.11253136337091,35.59778649907154,9.829113607132628,3.1351417204223204
7.059999999999937,2.1561517052920296,0.5381507334345914,36.11253185245159,35.58392217436403,9.793585151023217,3.1294704266094633
7.079999999999937,2.1669132282331716,0.537913653239627,36.11253217092524,35.56995807613574,9.756411446203249,3.1235254835207042
7.099999999999937,2.1776645837089337,0.5371263225255882,36.11253230724715,35.55591574803455,9.71764640254841,3.117313972404514
7.119999999999936,2.1883942972440673,0.5357413074241001,36.112532250773505,35.54181710816183,9.677346102293892,3.1108433104696696
7.139999999999936,2.1990899157868777,0.5337081520425828,36.11253199179844,35.527684378448285,9.63556868943898,3.104121242709276
7.159999999999935,2.2097379453130968,0.5309731808017069,36.11253152158656,35.51354001219048,9.592374252845753,3.0971558328320765
7.179999999999935,2.2203237843786585,0.5274792926474807,36.112530832400815,35.499406620027955,9.547824703290422,3.0899554532857625
7.1999999999999345,2.2308316535073907,0.5231657500235904,36.112529917525826,35.48530689465115,9.50198364476439,3.0825287743611396
7.219999999999934,2.2412445203267746,0.5179679638532212,36.11252877128641,35.471263534538195,9.45491624036119,3.0748847523705973
7.239999999999934,2.2515440203045887,0.5118172710446057,36.11252738906119,35.45729916702617,9.406689073124943,3.0670326168994264
7.259999999999933,2.261710373063476,0.5046407121617049,36.1125257672916,35.44343627102807,9.357370002275903,3.058981857134152
7.279999999999933,2.2717222941976893,0.4963608062272636,36.112523903485766,35.429697099710715,9.307028015268418,3.0507422072781596
7.299999999999932,2.2815569025916687,0.4868953263803712,36.11252179621782,35.4161036034522,9.255733076176291,3.042323631071535
7.319999999999932,2.291189623277851,0.4761570775668276,36.1125194451223,35.40267735339828,9.203555970939949,3.03373630543921
7.3399999999999315,2.3005940859053897,0.46405368126418106,36.11251685088379,35.38943946593709,9.1505681500483,3.024990603299174
7.359999999999931,2.3097420189788367,0.4504873673311668,36.11251401522209,35.37641052841022,9.096841569266008,3.01609707557068
7.379999999999931,2.318603140078323,0.43535478322705107,36.11251094087265,35.36361052637428,9.042448529053601,3.0070664324310497
7.39999999999993,2.3271450423903715,0.41854681455157977,36.11250763156281,35.3510587727231,8.987461513362973,2.99790952387876
7.41999999999993,2.33533307793296,0.3999484358378992,36.112504091983624,35.33877383897367,8.931953028524672,2.9886373196700653
7.439999999999929,2.343130238060453,0.3794385885954762,36.11250032775763,35.326773489012005,8.87599544297504,2.979260888706298
7.459999999999929,2.350497031878263,0.35689009647944325,36.112496345402725,35.315074615585345,8.819660828600897,2.9697913779592158
7.4799999999999285,2.3573913634375896,0.33216962817375734,36.112492152292326,35.3036931798167,8.763020804506871,2.960239991032293
7.499999999999928,2.363768408739651,0.30513771823164587,36.11248775661196,35.292644154005906,8.706146384034854,2.9506179664664915
7.519999999999928,2.369580493771586,0.2756488522322344,36.112483167312604,35.28194146796792,8.649107825886706,2.9409365559098184
7.539999999999927,2.374776975074618,0.24355163508620187,36.112478394060936,35.27159795914446,8.591974490219572,2.931207002280728
7.559999999999927,2.379304124586926,0.20868905391278572,36.11247344718688,35.26162532670972,8.534814700597668,2.921440518065988
7.579999999999926,2.3831050207921467,0.17089884849802686,36.11246833762846,35.25203408987348,8.477695612694818,2.9116482639039383
7.599999999999926,2.3861194485900747,0.1300140152476097,36.11246307687463,35.24283355056767,8.420683090647836,2.9018413276138717
7.6199999999999255,2.388283810598735,0.08586345131219487,36.11245767690586,35.2340317606826,8.363841591961531,2.8920307038414257
7.639999999999925,2.3895310530404386,0.03827277050289796,36.11245215013332,35.22563549400074,8.3072340618608,2.8822272744981094
7.659999999999925,2.3897906097705515,-0.012934693709964147,36.11244650933655,35.217650222953615,8.25092183797376,2.8724417901802224
7.679999999999924,2.38898836844928,-0.06793667231165983,36.112440767600155,35.21008010030784,8.194964566210263,2.8626848527580298
7.699999999999924,2.3870466633520553,-0.12691051077006466,36.112434938249876,35.202927945863095,8.139420128672702,2.8529668993300117
7.719999999999923,2.3838842997381837,-0.19003145643689068,36.112429034788136,35.196195238223474,8.084344584397998,2.843298187738669
7.739999999999923,2.379416615273348,-0.2574706642909466,36.112423070829735,35.189882111680475,8.029792123681146,2.833688783843622
7.7599999999999225,2.373555584348125,-0.32939289571247066,36.11241706003766,35.183987358222616,7.975815036668947,2.8241485507439137
7.779999999999922,2.366209971709164,-0.4059538883356241,36.11241101605964,35.1785084346645,7.9224636968361795,2.8146871401340823
7.799999999999922,2.357285542092862,-0.4872973794863838,36.11240495246552,35.17344147486355,7.869786559863857,2.8053139859673206
7.819999999999921,2.3466853329463957,-0.5735517750203913,36.112398882685774,35.16878130697052,7.817830178327456,2.796038300583069
7.839999999999921,2.3343099974670074,-0.6648264463712419,36.11239281995135,35.16452147563642,7.766639232470558,2.786869073435377
7.85999999999992,2.3200582253041353,-0.7612076698742717,36.112386777235095,35.16065426907564,7.716256577183601,2.7778150725315753
7.87999999999992,2.30382724808074,-0.8627542078551769,36.112380767194544,35.157170750862846,7.666723305126339,2.7688848486577298
7.8999999999999195,2.2855134365925176,-0.9694925635674887,36.11237480211634,35.15406079631919,7.618078825724061,2.7600867424275024
7.919999999999919,2.2650129958857015,-1.0814119485838871,36.11236889386184,35.15131313332219,7.570360959530297,2.7514288941439675
7.939999999999919,2.242222763437533,-1.1984590155548145,36.11236305381379,35.14891538735277,7.5236060471814,2.7429192564093827
7.959999999999918,2.217041114367563,-1.3205324353836707,36.112357292823305,35.14685413057345,7.477849071871133,2.7345656093557404
7.979999999999918,2.1893689758180943,-1.4474774227858547,36.11235162115684,35.145114934712495,7.433123793947372,2.7263755782993973
7.999999999999917,2.1591109504491306,-1.5790803235194333,36.11234604844188,35.14368242751115,7.389462895880491,2.7183566535464934
8.019999999999918,2.1261765462766373,-1.7150634163233516,36.1123405836105,35.14254035247426,7.346898135478917,2.7105162119933754
8.039999999999917,2.090481506877399,-1.8550801061406528,36.11233523483959,35.14167163164912,7.305460504837662,2.7028615400788962
8.059999999999917,2.0519492323633965,-1.9987106903579575,36.11233000948613,35.14105843114308,7.2651803921100635,2.695399857555473
8.079999999999917,2.0105122772987714,-2.1454589322805115,36.112324914016305,35.14068222907799,7.2260877428028065,2.6881383414554407
8.099999999999916,1.9661139073613434,-2.2947496559379816,36.1123199539267,35.140523885668024,7.188212216924263,2.6810841495417974
8.119999999999916,1.9187096917150692,-2.445927618422008,36.11231513365638,35.14056371509831,7.1515833379837686,2.6742444424516933
8.139999999999915,1.8682691032728052,-2.5982578905066536,36.112310456488494,35.14078155887344,7.116230629564198,2.667626403671286
8.159999999999915,1.8147770942459627,-2.7509279821510484,36.11230592444071,35.14115686029952,7.082183734994151,2.6612372564268205
8.179999999999914,1.7582356100043803,-2.903051919374376,36.11230153814412,35.141668739758835,7.049472515551963,2.655084276544148
8.199999999999914,1.6986650004436266,-3.053676440015039,36.112297296711056,35.1422960704343,7.018127122664678,2.649174800322674
8.219999999999914,1.63610528518527,-3.2017894295512748,36.112293197593075,35.14301755414033,6.98817803974251,2.6435162264950276
8.239999999999913,1.5706172272457621,-3.3463306404414905,36.11228923643156,35.14381179691888,6.959656089631386,2.638116011404992
8.259999999999913,1.5022831696332486,-3.4862046648506806,36.112285406904235,35.14465738406259,6.932592404186548,2.6329816566369293
8.279999999999912,1.4312075909682933,-3.620296032934427,36.11228170057232,35.14553295423276,6.907018353174619,2.6281206884720154
8.299999999999912,1.3575173397065992,-3.747486204355863,36.1122781067341,35.14641727234733,6.882965430598003,2.6235406287301903
8.319999999999911,1.2813615122628745,-3.866672124706992,36.11227461229166,35.1472893009224,6.860465097590705,2.6192489567795394
8.339999999999911,1.2029109479935092,-3.976785901658329,36.11227120163835,35.14812826956243,6.839548582234492,2.6152530627521484
8.35999999999991,1.1223573236780735,-4.076815083003964,36.112267856575066,35.148913742304984,6.820246637952925,2.611560192289836
8.37999999999991,1.0399118414780764,-4.165822926434584,36.11226455626334,35.14962568254032,6.802589263511244,2.6081773834444704
8.39999999999991,0.9558035169701995,-4.242968011068172,36.11226127722279,35.15024451523983,6.786605389026352,2.6051113966635575
8.41999999999991,0.8702770871948997,-4.307522510508951,36.112257993379615,35.150751186243085,6.772322533710478,2.6023686390883363
8.439999999999909,0.7835905721361198,-4.358888468671921,36.11225467617106,35.151127218369666,6.759766442268501,2.5999550846636756
8.459999999999908,0.6960125358889603,-4.396611459357546,36.11225129470898,35.15135476413958,6.748960707878041,2.5978761917916797
8.479999999999908,0.607819105357297,-4.4203910921553025,36.112247816003226,35.15141665490411,6.739926390444346,2.596136820440006
8.499999999999908,0.5192908139442414,-4.430087948439809,36.11224420524278,35.15129644620869,6.732681639290127,2.5947411507297073
8.519999999999907,0.4307093447261393,-4.425726663126423,36.11224042613017,35.150978459229556,6.72724132958015,2.5936926050671754
8.539999999999907,0.34235425172666994,-4.407495024768961,36.11223644126199,35.15044781814737,6.723616721574509,2.5929937758456942
8.559999999999906,0.25449973874394904,-4.375739140409171,36.11223221254613,35.14969048334381,6.721815151256187,2.592646360623868
8.579999999999906,0.16741157278610985,-4.330954858407209,36.11222770164452,35.14869328033067,6.721839760009579,2.5926511064949676
8.599999999999905,0.08134420359641845,-4.273775803834735,36.11222287042922,35.14744392434562,6.723689269877831,2.593007765101723
8.619999999999905,-0.003461847551773759,-4.204958506541858,36.112217681438935,35.14593104057505,6.727357809553663,2.593715059437652
8.639999999999905,-0.08678227725313717,-4.125365195115282,36.11221209832334,35.14414417999026,6.732834794728284,2.594770663224071
8.659999999999904,-0.16841092728814785,-4.035944904927721,36.11220608626369,35.142073830811206,6.7401048648097515,2.5961711932786233
8.679999999999904,-0.24816132279091896,-3.9377135693714918,36.11219961235903,35.13971142563862,6.749147876401054,2.597912214914325
8.699999999999903,-0.3258678076919338,-3.8317337640595697,36.112192645970005,35.13704934432368,6.759938952370918,2.5999882600448254
8.719999999999903,-0.4013862769214686,-3.7190947403054526,36.11218515901365,35.13408091267051,6.772448583921163,2.6023928573374855
8.739999999999903,-0.4745945168970326,-3.6008933079301104,36.11217712620535,35.13080039709422,6.786642781804947,2.6051185734635856
8.759999999999902,-0.545392176389007,-3.478216064067045,36.11216852524633,35.1272029953815,6.802483271820326,2.6081570642544376
8.779999999999902,-0.6137003986042817,-3.352123340531503,36.1121593369568,35.12328482372556,6.819927728915955,2.6114991343892795
8.799999999999901,-0.6794611520226082,-3.2236351717691423,36.11214954535731,35.11904290022893,6.838930043710929,2.615134804118313
8.8199999999999,-0.7426363021809131,-3.0937194432175805,36.1121391377019,35.11447512508864,6.859440614943704,2.6190533814612684
8.8399999999999,-0.8032064691617232,-2.963282316948543,36.11212810446787,35.109580257695995,6.881406661310588,2.623243538314845
8.8599999999999,-0.8611697162467521,-2.833160918135951,36.112116439307904,35.10435789090013,6.904772546307205,2.6276933889453704
8.8799999999999,-0.9165401143110486,-2.704118200130504,36.11210413897045,35.09880842269747,6.929480110015983,2.6323905694284773
8.899999999999899,-0.9693462241809673,-2.576839848067506,36.112091203194375,35.092933025621655,6.955469002253388,2.637322316716974
8.919999999999899,-1.0196295358590934,-2.451933028892334,36.11207763458373,35.08673361411666,6.982677012067122,2.6424755461625606
8.939999999999898,-1.0674428993767346,-2.329926764707005,36.11206343846794,35.08021281018313,7.011040389219798,2.6478369264778747
8.959999999999898,-1.112848977430887,-2.211273696130187,36.112048622752425,35.07337390759179,7.040494153979446,2.6533929512945207
8.979999999999897,-1.1559187451902562,-2.096352997682867,36.112033197763374,35.066220834959694,7.070972392229761,2.6591300066431054
8.999999999999897,-1.1967300577919238,-1.985474193314638,36.11201717609066,35.05875811798472,7.1024085335894105,2.665034433846852
9.019999999999897,-1.235366301468004,-1.878881664664804,36.11200057243122,35.050990841130506,7.134735610871206,2.6710925874763696
9.039999999999896,-1.2719151399214703,-1.7767596375672559,36.11198340343513,35.04292460904935,7.167886499802983,2.6772908881559703
9.059999999999896,-1.3064673636195483,-1.6792374595659156,36.11196568755607,35.034565508023036,7.201794138463108,2.6836158701392248
9.079999999999895,-1.3391158463223392,-1.5863950177643764,36.11194744490686,35.0259200676926,7.236391726348267,2.6900542236817953
9.099999999999895,-1.3699546101281215,-1.4982681557572368,36.11192869712091,35.01699522333636,7.271612903387183,2.696592832332531
9.119999999999894,-1.3990779979184347,-1.4148539792787334,36.11190946721963,35.007798278942886,7.307391909541344,2.7032188053395427
9.139999999999894,-1.4265799501180407,-1.336115967468137,36.1118897794859,34.99833687131047,7.3436637258956035,2.709919505427348
9.159999999999894,-1.4525533810805094,-1.2619888179260164,36.11186965934303,34.988618935388594,7.3803641983416055,2.716682572245349
9.179999999999893,-1.4770896493723396,-1.1923829817591785,36.11184913323921,34.978652671058846,7.417430145101077,2.7234959418183604
9.199999999999893,-1.50027811534581,-1.1271888557798821,36.1118282285367,34.96844651153423,7.454799449430054,2.730347862348322
9.219999999999892,-1.5222057789968186,-1.0662806154549371,36.11180697340525,34.95800909353545,7.492411138895592,2.7372269067243202
9.239999999999892,-1.5429569908090712,-1.0095196815781855,36.11178539671928,34.94734922938206,7.530205452629791,2.744121982097332
9.259999999999891,-1.5626132282963061,-0.9567578244744726,36.111763527958175,34.93647588111503,7.568123897948311,2.751022336868298
9.279999999999891,-1.581252931100597,-0.9078399164744076,36.111741397109455,34.92539813674505,7.606109297677625,2.757917565424613
9.29999999999989,-1.5989513877510222,-0.8626063500601981,36.11171903457396,34.914125188698904,7.644105829472533,2.764797610942351
9.31999999999989,-1.615780667571855,-0.8208951368942176,36.111696471073046,34.9026663145136,7.682059058327715,2.7716527665506216
9.33999999999989,-1.6318095916385371,-0.7825437187051564,36.11167373755723,34.891030859806015,7.71991596339814,2.778473675131391
9.35999999999989,-1.6471037371502255,-0.7473905012251307,36.11165086511619,34.87922822352339,7.757624960147296,2.7852513280038655
9.379999999999889,-1.6617254700542337,-0.7152761502377112,36.11162788488963,34.867267845458706,7.795135918741807,2.7919770627177094
9.399999999999888,-1.6757340012924982,-0.6860446606118907,36.11160482797917,34.85515919599388,7.832400179509094,2.7986425601546716
9.419999999999888,-1.6891854624543732,-0.6595442322697218,36.11158172536107,34.84291176801332,7.869370566173225,2.8052398411139867
9.439999999999888,-1.7021329971382817,-0.6356279694954651,36.11155860779944,34.830535070910955,7.906001397484881,2.81176126253366
9.459999999999887,-1.7146268647359508,-0.614154427121966,36.11153550576053,34.81803862659571,7.942248497765222,2.818199513477572
9.479999999999887,-1.726714553773995,-0.594988022797385,36.11151244932751,34.805431967382475,7.9780692067923615,2.82454761099762
9.499999999999886,-1.7384409023431502,-0.5779993353624424,36.11148946811628,34.79272463564032,8.013422389372604,2.8307988959607506
9.519999999999886,-1.7498482234528454,-0.5630653037108739,36.111466591192155,34.77992618505401,8.04826844485848,2.836947028913032
9.539999999999885,-1.7609764335113731,-0.5500693425612065,36.11144384698762,34.76704618334218,8.082569316800857,2.842985986036663
9.559999999999885,-1.7718631824205189,-0.5389013883119219,36.1114212632215,34.75409421626301,8.116288502854445,2.848910055241205
9.579999999999885,-1.782543983968305,-0.529457887541997,36.111398866819364,34.74107989272782,8.149391064993953,2.8547138324171746
9.599999999999884,-1.7930523455183092,-0.5216417379171633,36.11137668383577,34.72801285083421,8.181843640042302,2.8603922178684345
9.619999999999884,-1.8034198961219057,-0.5153621918734954,36.11135473937824,34.7149027646223,8.213614450462927,2.8659404129295725
9.639999999999883,-1.813676512405482,-0.5105347310690801,36.11133305753343,34.70175935135207,8.244673315324095,2.8713539167654156
9.659999999999883,-1.8238504417171564,-0.507080920020985,36.11131166129553,34.68859237909531,8.274991661305354,2.8766285233421005
9.679999999999882,-1.8339684221365817,-0.5049282401195868,36.111290572497474,34.67541167443254,8.304542533583472,2.881760318552442
9.699999999999882,-1.8440557991248363,-0.5040099173028203,36.11126981174471,34.66222713004402,8.333300606407914,2.886745677472803
9.719999999999882,-1.854136638623377,-0.5042647431704839,36.11124939835231,34.64904871198431,8.36124219315344,2.891581261724014
9.739999999999881,-1.8642338365168505,-0.5056368917406674,36.1112293502853,34.635886466431145,8.388345255619672,2.89626401690517
9.75999999999988,-1.87436922450811,-0.5080757404035404,36.111209684102704,34.62275052570311,8.414589412334319,2.900791170066249
9.77999999999988,-1.8845636724102084,-0.5115356937626138,36.111190414905366,34.609651113344526,8.439955945607773,2.9051602271833086
9.79999999999988,-1.894837187003465,-0.5159760161172094,36.11117155628793,34.59659854808302,8.464427807081826,2.9093689705985772
9.81999999999988,-1.9052090076022918,-0.5213606714952813,36.111153120295185,34.58360324647186,8.487989621514313,2.9134154563869386
9.839999999999879,-1.9156976985415077,-0.5276581745219372,36.111135117382894,34.57067572403877,8.51062768854394,2.9172980116100478
9.859999999999879,-1.9263212388010806,-0.5348414530461273,36.11111755638344,34.55782659477288,8.53232998218574,2.9210152314196756
9.879999999999878,-1.9370971090434577,-0.5428877277502863,36.11110044447649,34.545066568793246,8.553086147816888,2.924565975972655
9.899999999999878,-1.948042376338719,-0.5517784025196061,36.111083787164695,34.53240644805475,8.572887496425183,2.927949367121157
9.919999999999877,-1.9591737768895516,-0.5614989730596368,36.11106758825474,34.519857119961884,8.591726995907948,2.931164784843723
9.939999999999877,-1.970507797096648,-0.5720389515117863,36.11105184984386,34.507429548775164,8.609599259227553,2.9342118633847067
9.959999999999877,-1.9820607532953416,-0.5833918118878203,36.11103657231177,34.49513476471172,8.626500529250684,2.9370904870723145
9.979999999999876,-1.993848870557308,-0.5955549497621602,36.11102175431835,34.48298385065814,8.6424286601223,2.939800785788435
9.999999999999876,-2.005888360932009,-0.6085296651107944,36.11100739280699,34.47098792643163,8.657383095051234,2.94234313006679
10.019999999999875,-2.0181955015316206,-0.6223211672924661,36.110993483013516,34.45915813054448,8.671364840412798,2.944718125799615
10.039999999999875,-2.0307867129385353,-0.6369385996237792,36.11098001848101,34.44750559944523,8.684376436104543,2.9469266085371966
10.059999999999874,-2.04367863832758,-0.6523950889456542,36.11096699108015,34.43604144423068,8.69642192212393,2.9489696373689456
10.079999999999874,-2.0568882238618498,-0.6687078214576015,36.11095439103537,34.42477672484223,8.707506801371446,2.9508484883794774
10.099999999999874,-2.0704328008238853,-0.6858981430468738,36.11094220695635,34.413722421780754,8.717637998719251,2.952564647678227
10.119999999999873,-2.0843301700874,-0.7039916897802636,36.11093042587508,34.40288940539472,8.726823816423769,2.954119804006562
10.139999999999873,-2.09859868948654,-0.7230185522684842,36.110919033288106,34.39228840281653,8.735073886000517,2.95551584093209
10.159999999999872,-2.1132573647707384,-0.7430134667022111,36.11090801320391,34.38192996264278,8.742399116720893,2.956754828645908
10.179999999999872,-2.128325944807546,-0.7640160508452487,36.110897348195124,34.371824417473555,8.748811640933548,2.957839015384973
10.199999999999871,-2.143825021835696,-0.7860710725183231,36.11088701945547,34.361981844446035,8.754324756457176,2.958770818508452
10.219999999999871,-2.15977613757256,-0.8092287686590164,36.1108770068609,34.35241202391601,8.758952866337038,2.959552815263995
10.23999999999987,-2.1762018961391316,-0.8335452070819201,36.11086728903495,34.34312439645943,8.762711416304409,2.9601877332872673
10.25999999999987,-2.1931260847858898,-0.8590827082122657,36.110857843417826,34.33412801838346,8.765616830326213,2.960678440885841
10.27999999999987,-2.2105738035846545,-0.8859103190975501,36.11084864633875,34.325431515952,8.767686444681889,2.961027937166735
10.29999999999987,-2.2285716053342677,-0.914104361265934,36.110839673091505,34.317043038547,8.768938441055305,2.9612393420754266
10.319999999999869,-2.247147647108945,-0.9437490509672267,36.11083089801251,34.308970210999476,8.769391779182854,2.961315886423273
10.339999999999868,-2.2663318550364764,-0.9749372030218444,36.11082229456122,34.301220085337334,8.769066129653767,2.9612609019898546
10.359999999999868,-2.2861561041057668,-1.0077710300587606,36.11081383540218,34.293799092208126,8.767981807516279,2.961077811796961
10.379999999999868,-2.3066544150347403,-1.0423630537871136,36.11080549248872,34.28671299224419,8.766159707404167,2.9607701206618806
10.399999999999867,-2.327863170520458,-1.0788371334201636,36.11079723714733,34.2799668276459,8.763621240962916,2.9603414061494524
10.419999999999867,-2.349821353485756,-1.1173296403759034,36.11078904016272,34.27356487426488,8.760388277424227,2.95979531005511
10.439999999999866,-2.3725708103484813,-1.1579907901750428,36.11078087186293,34.267510594474246,8.756483088253265,2.959135530565179
10.459999999999866,-2.396156542753266,-1.200986159071196,36.11077270220401,34.26180659111573,8.751928296876232,2.958365815256158
10.479999999999865,-2.4206270317324408,-1.2464984169021247,36.11076450085402,34.25645456281538,8.746746834588164,2.9574899551119636
10.499999999999865,-2.4460345988917,-1.2947293037163334,36.11075623727578,34.25145526095945,8.740961903845324,2.9565117797575784
10.519999999999865,-2.472435809893685,-1.3459018884925522,36.11074788080813,34.24680844862063,8.734596950264779,2.9554351541295536
10.539999999999864,-2.4998919264115584,-1.400263165493855,36.11073940074525,34.24251286172164,8.72767564479045,2.954263976829161
10.559999999999864,-2.5284694137153916,-1.4580870323434407,36.110730766413944,34.238566172719224,8.720221877643223,2.9530021804331983
10.579999999999863,-2.5582405122545713,-1.5196777228336988,36.1107219472484,34.23496495708534,8.712259765858487,2.951653734071544
10.599999999999863,-2.5892838830638465,-1.5853737717821434,36.11071291286249,34.23170466285611,8.703813676433827,2.9502226486205796
10.619999999999862,-2.621685338546406,-1.6555526041485351,36.1107036331196,34.22877958351096,8.694908267370185,2.9487129849088713
10.639999999999862,-2.6555386722628698,-1.7306358679269613,36.11069407819993,34.22618283443539,8.685568549202214,2.9471288653878394
10.659999999999862,-2.6909466038925856,-1.8110956436610735,36.11068421866562,34.22390633321131,8.675819969988666,2.9454744897874545
10.679999999999861,-2.7280218585744302,-1.8974617050125275,36.11067402552435,34.221940783968996,8.66568852718791,2.943754155358071
10.69999999999986,-2.7668884036291033,-1.9903300310809584,36.11066347029186,34.22027566602293,8.655200910395363,2.9419722823975354
10.71999999999986,-2.8076828701261745,-2.0903728294373614,36.110652525055016,34.21889922700374,8.644384679592992,2.940133445881835
10.73999999999986,-2.8505561924893033,-2.198350372898459,36.110641162536616,34.21779848068613,8.633268484386873,2.938242414163078
10.75999999999986,-2.8956755062485846,-2.3151250461563584,36.11062935616459,34.21695920970185,8.621882330725539,2.936304195877113
10.779999999999859,-2.943226352634842,-2.4416780771455047,36.11061708014873,34.21636597331519,8.610257902850172,2.9343240964232584
10.799999999999859,-2.9934152496020525,-2.5791295584860223,36.11060430956899,34.21600212042718,8.59842894979147,2.932307785651341
10.819999999999858,-3.0464727023154525,-2.728762515849448,36.11059102048168,34.215849807964744,8.58643174768176,2.9302613787308736
10.839999999999858,-3.10265674335873,-2.8920519891159153,36.110577190051174,34.215890024800544,8.574305651604467,2.928191532602413
10.859999999999857,-3.1622571146434195,-3.0707003545561355,36.11056279671817,34.216102621340475,8.562093753800903,2.9261055609463074
10.879999999999857,-3.2256002309256067,-3.266680461554647,36.110547820419136,34.216466344908426,8.54984366898957,2.9240115712817505
10.899999999999856,-3.2930551008101108,-3.4822886282831136,36.11053224287728,34.21695888105145,8.537608472583434,2.921918628672509
10.919999999999856,-3.365040427780291,-3.7202101563862655,36.1105160479927,34.2175569008852,8.52544782406354,2.9198369516230764
10.939999999999856,-3.442033174996629,-3.9836008587749694,36.1104992223702,34.21823611459883,8.513429316157653,2.9177781471794
10.959999999999855,-3.524578958300288,-4.2761892393912735,36.11048175603844,34.2189713312425,8.501630101431555,2.915755494109812
10.979999999999855,-3.6133047393594673,-4.60240552139801,36.11046364343556,34.21973652493111,8.490138862333334,2.913784285483971
10.999999999999854,-3.7089344354772336,-4.9675459037124785,36.110444884768135,34.220504907617446,8.479058209906967,2.9118822451993087
11.019999999999854,-3.812308258922974,-5.377983477851496,36.11042548789631,34.221249008621996,8.468507622112119,2.910070037320772
11.039999999999853,-3.9244068683072464,-5.841441597032383,36.11040547096632,34.221940761161704,8.458627067538604,2.9083718929219837
11.059999999999853,-4.046381789084461,-6.367351758216944,36.11038486611387,34.222551596208184,8.449581508048217,2.9068163870544383
11.079999999999853,-4.179594087401957,-6.967327223205928,36.11036372471879,34.22305254414676,8.441566540059759,2.9054374094204403
11.099999999999852,-4.325664033108068,-7.6557972395607505,36.11034212493269,34.22341434493176,8.434815527115914,2.9042753876166625
11.119999999999852,-4.486535575723433,-8.450867227069972,36.11032018258138,34.22360756779297,8.429608708656756,2.9033788434609695
11.139999999999851,-4.664561057391508,-9.37550186918979,36.11029806715316,34.22360274213535,8.426284961107642,2.9028063940103968
11.159999999999851,-4.862613981743823,-10.459177448697385,36.11027602557883,34.22337050224194,8.425257168278323,2.902629354271455
11.17999999999985,-5.084241312065859,-11.740228825090394,36.110254418170165,34.22288175002129,8.427032578270587,2.902935166046701
11.19999999999985,-5.33387246696577,-13.269246021666786,36.11023377392781,34.22210784284995,8.432240165319373,2.9038319795262555
11.21999999999985,-5.617111267056445,-15.114093254574119,36.11021487742761,34.22102081851969,8.441668015282186,2.905454872353413
11.23999999999985,-5.941151963443489,-17.36750056025067,36.110198908553244,34.21959367831186,8.456315352615274,2.9079744415340505
11.259999999999849,-6.315385563370402,-20.15885325614654,36.11018767332513,34.21780076615289,8.477466454302974,2.91160891163339
11.279999999999848,-6.752306384092015,-23.673057826762076,36.11018399716391,34.215618314834515,8.50679814976733,2.916641587471339
11.299999999999848,-7.2689078708941794,-28.18179000413561,36.11019241929896,34.213025297589475,8.54654042517454,2.923446668775495
11.319999999999848,-7.888906187464903,-34.09736477339079,36.110220471369225,34.21000486757669,8.599723947614281,2.932528592804217
11.339999999999847,-8.64642710422982,-42.070081496232476,36.11028115142956,34.20654699591554,8.670575726889568,2.944584134795535
11.359999999999847,-9.59241803345661,-53.17430638642753,36.110398005198945,34.20265371944176,8.76517965085078,2.9606046090031644
11.379999999999846,-10.806465355067106,-69.28939177868669,36.11061635333607,34.19835053621016,8.892638843846454,2.982052790251449
11.395353375503086,-12.0,-87.17439567665059,36.12151388306989,34.20542001479399,9.018685600827895,3.0031126520375313
