amplitude,collapsed,event_time,steps
0.1,False,nan,29622
1.2,False,nan,29622
1.7999999999999998,True,1.2241611037501614,907
0.95,False,nan,29622
1.375,True,3.8912453072898106,2882
1.1625,False,nan,29622
1.26875,True,4.409212732678212,3266
1.2156250000000002,True,7.6038327443462075,5632
1.1890625000000001,False,nan,29622
1.2023437500000003,False,nan,29622
1.2089843750000002,True,7.960166139702407,5895
1.2056640625000004,True,8.779515441507916,6502
1.2040039062500003,True,11.332630777668875,8393
1.2031738281250002,True,11.807803958651846,8745
1.2027587890625002,True,15.059197660603274,11153
1.2025512695312504,False,nan,29622
1.2026550292968752,True,15.864465027734552,11749
1.2026031494140628,False,nan,29622
1.202629089355469,True,18.64968634026441,13811
