amplitude,radius,status,return_code,final_time_reached,lifetime,plateau_amplitude,decay_threshold,drop_width,initial_energy,plateau_energy,final_energy,terminal_energy_fraction,plateau_kernel_sigma,final_kernel_sigma,early_frequency,late_frequency,score,directory
0.7,2.0,dispersed,0,1499.99784976923,51.4200122514371,0.0260519856582013,0.01,nan,14.0546302743831,0.115362872665764,0.08492012437887635,0.736113122155963,nan,1.3854911652266848,nan,nan,-inf,/home/csongi/Documents/TDK_26/Csongi_gyakorlos_sim/output/grid_search_stage2_compact/A0p7_R02
0.7,2.25,dispersed,0,1499.99784976923,51.5353037587273,0.02258625418744785,0.01,nan,18.7903482651626,0.235444818092063,0.16960794380946148,0.720372379328144,nan,6.080215846586095,nan,nan,-inf,/home/csongi/Documents/TDK_26/Csongi_gyakorlos_sim/output/grid_search_stage2_compact/A0p7_R02p25
0.7,2.5,dispersed,0,1499.99784976923,51.6505952660175,0.0256305018950782,0.01,nan,24.57743652931,0.5726756536401596,0.37973877817147,0.6630957257527812,nan,7.493692859369205,1.0092268390020471,nan,-inf,/home/csongi/Documents/TDK_26/Csongi_gyakorlos_sim/output/grid_search_stage2_compact/A0p7_R02p5
0.7,2.75,dispersed,0,1499.99784976923,51.7658867733077,0.0336391635952175,0.01,nan,31.5327141732364,1.115050113515775,0.7966084853217039,0.7144149627589217,nan,8.364332767531721,1.0092268390020793,nan,-inf,/home/csongi/Documents/TDK_26/Csongi_gyakorlos_sim/output/grid_search_stage2_compact/A0p7_R02p75
0.7,3.0,dispersed,0,1499.99784976923,51.9964697878882,0.03506108852979985,0.01,nan,39.7730002581687,2.0816308290113703,1.587832419711785,0.762782909237511,nan,9.330925436174665,1.0092268390020447,nan,-inf,/home/csongi/Documents/TDK_26/Csongi_gyakorlos_sim/output/grid_search_stage2_compact/A0p7_R03
0.75,2.0,dispersed,0,1499.99784976923,51.4200122514371,0.022269410521913,0.01,nan,15.9735697014635,0.129279566706368,0.09908205816247195,0.7664170037598943,nan,1.4389315075447149,nan,nan,-inf,/home/csongi/Documents/TDK_26/Csongi_gyakorlos_sim/output/grid_search_stage2_compact/A0p75_R02
0.75,2.25,dispersed,0,1499.99784976923,51.5353037587273,0.02593216471110655,0.01,nan,21.341925647869,0.286370408251523,0.205862519131414,0.7188679877517309,nan,5.130010615539685,nan,nan,-inf,/home/csongi/Documents/TDK_26/Csongi_gyakorlos_sim/output/grid_search_stage2_compact/A0p75_R02p25
0.75,2.5,dispersed,0,1499.99784976923,51.7658867733077,0.0297164309653905,0.01,nan,27.9002764063214,0.700621175947757,0.470393555495877,0.6713950015278338,nan,6.616339454289134,0.9731830233234074,nan,-inf,/home/csongi/Documents/TDK_26/Csongi_gyakorlos_sim/output/grid_search_stage2_compact/A0p75_R02p5
0.75,2.75,dispersed,0,1499.99784976923,51.881178280598,0.036933160367368406,0.01,nan,35.7808438374417,1.3430723686732402,1.004994523230235,0.7482802465983447,nan,8.46182734050395,1.0092268390020471,nan,-inf,/home/csongi/Documents/TDK_26/Csongi_gyakorlos_sim/output/grid_search_stage2_compact/A0p75_R02p75
0.75,3.0,dispersed,0,1499.99784976923,52.2270528024686,0.037340061601956354,0.01,nan,45.1158497499816,2.73764877883045,2.09924405493979,0.7668054686827313,nan,9.50047256924124,1.0092268390020471,nan,-inf,/home/csongi/Documents/TDK_26/Csongi_gyakorlos_sim/output/grid_search_stage2_compact/A0p75_R03
0.8,2.0,dispersed,0,1499.99784976923,51.5353037587273,0.02324644607842645,0.01,nan,17.9790774747826,0.14885412923979352,0.11587016978575601,0.7784142124743971,nan,1.48061796534346,nan,nan,-inf,/home/csongi/Documents/TDK_26/Csongi_gyakorlos_sim/output/grid_search_stage2_compact/A0p8_R02
0.8,2.25,dispersed,0,1499.99784976923,51.6505952660175,0.0290080597167307,0.01,nan,24.0043019909096,0.347170718711247,0.25092967798170196,0.7227846833200475,nan,2.52525534016169,1.0092268390020471,nan,-inf,/home/csongi/Documents/TDK_26/Csongi_gyakorlos_sim/output/grid_search_stage2_compact/A0p8_R02p25
0.8,2.5,dispersed,0,1499.99784976923,51.881178280598,0.0359275146911023,0.01,nan,31.3628786230971,0.8595070602385839,0.584278222229146,0.6797829235596515,nan,5.88700338591494,1.0092268390020471,nan,-inf,/home/csongi/Documents/TDK_26/Csongi_gyakorlos_sim/output/grid_search_stage2_compact/A0p8_R02p5
0.8,2.75,dispersed,0,1499.99784976923,52.1117612951784,0.0408112624979026,0.01020281562447565,nan,40.2029578509012,1.7035593165224001,1.291356116019755,0.7580341368188426,nan,8.7894566873753,1.0092268390020471,nan,-inf,/home/csongi/Documents/TDK_26/Csongi_gyakorlos_sim/output/grid_search_stage2_compact/A0p8_R02p75
0.8,3.0,blowup,1,23.7500505017848,23.7500505017848,1.3203035917221,0.330075897930525,nan,50.6726900948617,50.6726900948617,49.6804832788255,0.9804192985574923,nan,0.930189746954474,nan,nan,-inf,/home/csongi/Documents/TDK_26/Csongi_gyakorlos_sim/output/grid_search_stage2_compact/A0p8_R03
0.85,2.0,dispersed,0,1499.99784976923,51.6505952660175,0.0272615075527765,0.01,nan,20.0619991335595,0.174420725114085,0.132316562556501,0.7586057360440136,nan,1.471887113667305,1.0092268390020471,nan,-inf,/home/csongi/Documents/TDK_26/Csongi_gyakorlos_sim/output/grid_search_stage2_compact/A0p85_R02
0.85,2.25,dispersed,0,1499.99784976923,51.7658867733077,0.0333605923852644,0.01,nan,26.7644429155551,0.423084192966903,0.30970721607942653,0.732022659385089,nan,1.641788376565,1.0092268390020793,nan,-inf,/home/csongi/Documents/TDK_26/Csongi_gyakorlos_sim/output/grid_search_stage2_compact/A0p85_R02p25
0.85,2.5,dispersed,0,1499.99784976923,51.9964697878882,0.0421010490891891,0.010525262272297276,nan,34.9473633734245,1.062915361182295,0.7314948246484865,0.6881966818457068,nan,5.583100180842569,1.0092268390020447,nan,-inf,/home/csongi/Documents/TDK_26/Csongi_gyakorlos_sim/output/grid_search_stage2_compact/A0p85_R02p5
0.85,2.75,dispersed,0,1499.99784976923,52.5729273243393,0.038072464345804,0.01,nan,44.7752581915457,2.2657646482341303,1.78244100917343,0.7866840938499996,nan,8.94902163584294,1.0092268390020471,nan,-inf,/home/csongi/Documents/TDK_26/Csongi_gyakorlos_sim/output/grid_search_stage2_compact/A0p85_R02p75
0.85,3.0,blowup,1,10.6068186707,10.6068186707,1.37116837968004,0.34279209492001,nan,56.4126249876733,56.417466441943,56.4062328380204,0.9998008842893689,nan,0.7788086940642625,nan,nan,-inf,/home/csongi/Documents/TDK_26/Csongi_gyakorlos_sim/output/grid_search_stage2_compact/A0p85_R03
0.9,2.0,dispersed,0,1499.99784976923,51.7658867733077,0.0308406693173798,0.01,nan,22.2125896066402,0.207395781389173,0.14752971861318,0.7113438741376527,nan,1.3684466676054101,1.0092268390020793,nan,-inf,/home/csongi/Documents/TDK_26/Csongi_gyakorlos_sim/output/grid_search_stage2_compact/A0p9_R02
0.9,2.25,dispersed,0,1499.99784976923,51.881178280598,0.04070397732879005,0.010175994332197513,nan,29.6084731154166,0.5214920632605755,0.381580348078212,0.7317088311803254,nan,1.478406930401515,1.0092268390020471,nan,-inf,/home/csongi/Documents/TDK_26/Csongi_gyakorlos_sim/output/grid_search_stage2_compact/A0p9_R02p25
0.9,2.5,dispersed,0,1499.99784976923,52.2270528024686,0.041208455806201,0.01030211395155025,nan,38.6346973152059,1.30237569192422,0.9336069039085815,0.7168491470607886,nan,6.31302658968141,1.0480432558867354,nan,-inf,/home/csongi/Documents/TDK_26/Csongi_gyakorlos_sim/output/grid_search_stage2_compact/A0p9_R02p5
0.9,2.75,blowup,1,10.7221101779902,10.7221101779902,1.3882134377749948,0.3470533594437487,nan,49.4724114810434,49.4765302695084,49.4586231796936,0.999638069005299,nan,0.76324739298925,nan,nan,-inf,/home/csongi/Documents/TDK_26/Csongi_gyakorlos_sim/output/grid_search_stage2_compact/A0p9_R02p75
0.9,3.0,blowup,1,7.60923948115437,7.60923948115437,1.22908310852711,0.3072707771317775,nan,62.3027648132718,62.3091980975309,62.297881734723,0.9998183837514617,nan,0.669486549427232,nan,nan,-inf,/home/csongi/Documents/TDK_26/Csongi_gyakorlos_sim/output/grid_search_stage2_compact/A0p9_R03
0.95,2.0,dispersed,0,1499.99784976923,51.881178280598,0.036710231335376,0.01,nan,24.4205132124979,0.243669919402099,0.174088728952493,0.7144448907754405,nan,1.2427625819169998,1.0092268390020471,nan,-inf,/home/csongi/Documents/TDK_26/Csongi_gyakorlos_sim/output/grid_search_stage2_compact/A0p95_R02
0.95,2.25,dispersed,0,1499.99784976923,51.9964697878882,0.0483559646491276,0.0120889911622819,nan,32.521676356445,0.6489689885239605,0.47556084393028997,0.7327944051871007,nan,1.46842312671909,1.048043255886733,nan,-inf,/home/csongi/Documents/TDK_26/Csongi_gyakorlos_sim/output/grid_search_stage2_compact/A0p95_R02p25
0.95,2.5,dispersed,0,1499.99784976923,52.8035103389197,0.0381922926951768,0.01,nan,42.4046935704593,1.74301662911031,1.3495583710984351,0.774265918385008,nan,1.882900596726575,1.0092268390020471,nan,-inf,/home/csongi/Documents/TDK_26/Csongi_gyakorlos_sim/output/grid_search_stage2_compact/A0p95_R02p5
0.95,2.75,blowup,1,7.60923948115437,7.60923948115437,1.33765516648399,0.3344137916209975,nan,54.2675489848001,54.2740522874881,54.2634667620643,0.9998049615796564,nan,0.554313314409419,nan,nan,-inf,/home/csongi/Documents/TDK_26/Csongi_gyakorlos_sim/output/grid_search_stage2_compact/A0p95_R02p75
0.95,3.0,blowup,1,7.26336495928371,7.26336495928371,1.73175274411806,0.432938186029515,nan,68.3082266465041,68.314394811008,68.30752672700925,0.9998994635901005,nan,0.676358181865621,nan,nan,-inf,/home/csongi/Documents/TDK_26/Csongi_gyakorlos_sim/output/grid_search_stage2_compact/A0p95_R03
1.0,2.0,dispersed,0,1499.99784976923,51.881178280598,0.04256965614230415,0.010642414035576038,nan,26.6748436592328,0.289722736936811,0.21796523018095748,0.7523235231223708,nan,1.17550474246603,1.048043255886733,nan,-inf,/home/csongi/Documents/TDK_26/Csongi_gyakorlos_sim/output/grid_search_stage2_compact/A1_R02
1.0,2.25,dispersed,0,1499.99784976923,52.2270528024686,0.051007902042979406,0.012751975510744851,nan,35.4884954769313,0.8160317538945749,0.598983141167727,0.7340194034227632,nan,1.467863276742985,1.0480432558867354,nan,-inf,/home/csongi/Documents/TDK_26/Csongi_gyakorlos_sim/output/grid_search_stage2_compact/A1_R02p25
1.0,2.5,blowup,1,7.72453098844458,7.72453098844458,1.38604115658056,0.34651028914514,nan,46.2360117253177,46.24167304148985,46.2319410548655,0.9997895407760092,nan,0.548143606124064,nan,nan,-inf,/home/csongi/Documents/TDK_26/Csongi_gyakorlos_sim/output/grid_search_stage2_compact/A1_R02p5
1.0,2.75,blowup,1,7.26336495928371,7.26336495928371,2.18009243782197,0.5450231094554925,nan,59.1322666119588,59.138251183403895,59.12657922714655,0.9998026327119287,nan,0.547961595059882,nan,nan,-inf,/home/csongi/Documents/TDK_26/Csongi_gyakorlos_sim/output/grid_search_stage2_compact/A1_R02p75
1.0,3.0,blowup,1,4.95753481347936,4.95753481347936,nan,0.01,nan,74.3921342522082,74.39886060595691,74.3816251223834,0.9997683367267571,nan,0.528796520767465,nan,nan,-inf,/home/csongi/Documents/TDK_26/Csongi_gyakorlos_sim/output/grid_search_stage2_compact/A1_R03
1.05,2.0,dispersed,0,1499.99784976923,51.9964697878882,0.051920053367317656,0.012980013341829414,nan,28.964064044572,0.3535261898738075,0.2807110990882055,0.7940319759291564,nan,1.1741491083305151,1.048043255886733,nan,-inf,/home/csongi/Documents/TDK_26/Csongi_gyakorlos_sim/output/grid_search_stage2_compact/A1p05_R02
1.05,2.25,dispersed,0,1499.99784976923,50.9588462222762,0.0437038369226242,0.01092595923065605,nan,38.4925323875067,1.07815276990253,0.7902619572127949,0.732977718254379,nan,0.9047748474064126,2.477193150277761,nan,-inf,/home/csongi/Documents/TDK_26/Csongi_gyakorlos_sim/output/grid_search_stage2_compact/A1p05_R02p25
1.05,2.5,blowup,1,7.1480734519935,7.1480734519935,2.06638513242333,0.5165962831058325,nan,50.1061578300295,50.1119578963597,50.0983711079553,0.9997288713318188,nan,0.629452895264918,nan,nan,-inf,/home/csongi/Documents/TDK_26/Csongi_gyakorlos_sim/output/grid_search_stage2_compact/A1p05_R02p5
1.05,2.75,blowup,1,4.84224330618914,4.84224330618914,nan,0.01,nan,64.0366249154003,64.0437122624103,64.0297429777909,0.9997818789054239,nan,0.453959830443362,nan,nan,-inf,/home/csongi/Documents/TDK_26/Csongi_gyakorlos_sim/output/grid_search_stage2_compact/A1p05_R02p75
1.05,3.0,blowup,1,4.61166029160871,4.61166029160871,nan,0.01,nan,80.5156180852134,80.5231472049608,80.4963744398124,0.9996675146702817,nan,0.62082495153057,nan,nan,-inf,/home/csongi/Documents/TDK_26/Csongi_gyakorlos_sim/output/grid_search_stage2_compact/A1p05_R03
1.1,2.0,dispersed,0,1499.99784976923,50.4976801931153,0.0549750878473221,0.013743771961830525,nan,31.2760668558697,0.44413080771429647,0.3619025229996105,0.8148557062774571,nan,1.2022553390113049,nan,nan,-inf,/home/csongi/Documents/TDK_26/Csongi_gyakorlos_sim/output/grid_search_stage2_compact/A1p1_R02
1.1,2.25,blowup,1,7.49394797386415,7.49394797386415,1.68545707371017,0.4213642684275425,nan,41.5165480711422,41.522743190428855,41.504781239844505,0.9995674189804374,nan,0.545053025709883,nan,nan,-inf,/home/csongi/Documents/TDK_26/Csongi_gyakorlos_sim/output/grid_search_stage2_compact/A1p1_R02p25
1.1,2.5,blowup,1,4.72695179889892,4.72695179889892,nan,0.01,nan,53.9914843989586,53.9985207700537,53.9875762333678,0.9997973178426033,nan,0.4482896489545,nan,nan,-inf,/home/csongi/Documents/TDK_26/Csongi_gyakorlos_sim/output/grid_search_stage2_compact/A1p1_R02p5
1.1,2.75,blowup,1,4.49636878431849,4.49636878431849,nan,0.01,nan,68.9491490917427,68.95724753852755,68.94714419057755,0.9998534838858764,nan,0.5003410007973246,nan,nan,-inf,/home/csongi/Documents/TDK_26/Csongi_gyakorlos_sim/output/grid_search_stage2_compact/A1p1_R02p75
1.1,3.0,blowup,1,4.49636878431849,4.49636878431849,nan,0.01,nan,86.6378152903402,86.64670192008845,1604234156.977208,18514659.201417074,nan,0.48888762972709954,nan,nan,-inf,/home/csongi/Documents/TDK_26/Csongi_gyakorlos_sim/output/grid_search_stage2_compact/A1p1_R03
